<?xml version="1.0" encoding="UTF-8"?>
<metadata xml:lang="en"><Esri><CreaDate>20220426</CreaDate><CreaTime>15091900</CreaTime><ArcGISFormat>1.0</ArcGISFormat><ArcGISstyle>ISO 19139 Metadata Implementation Specification GML3.2</ArcGISstyle><SyncOnce>FALSE</SyncOnce><DataProperties><itemProps><itemName Sync="TRUE">SD_City_Recycled_Water_Main_2018_10</itemName><nativeExtBox><westBL Sync="TRUE">6256062.838472</westBL><eastBL Sync="TRUE">6342139.067238</eastBL><southBL Sync="TRUE">1778535.287730</southBL><northBL Sync="TRUE">1966296.434517</northBL><exTypeCode Sync="TRUE">1</exTypeCode></nativeExtBox><itemSize Sync="TRUE">0.440</itemSize><itemLocation><linkage Sync="TRUE">file://\\darry\data-gis-under-review\_ProjectSurfliner\0_MetadataPrep\Recycled_Water_DAMsaw\Original\SD_City_Recycled_Water_Main_2018_10_orig</linkage><protocol Sync="TRUE">Local Area Network</protocol></itemLocation><imsContentType Sync="TRUE">002</imsContentType></itemProps><coordRef><type Sync="TRUE">Projected</type><geogcsn Sync="TRUE">GCS_North_American_1983</geogcsn><csUnits Sync="TRUE">Linear Unit: Foot_US (0.304801)</csUnits><projcsn Sync="TRUE">NAD_1983_StatePlane_California_VI_FIPS_0406_Feet</projcsn><peXml Sync="TRUE">&lt;ProjectedCoordinateSystem xsi:type='typens:ProjectedCoordinateSystem' xmlns:xsi='http://www.w3.org/2001/XMLSchema-instance' xmlns:xs='http://www.w3.org/2001/XMLSchema' xmlns:typens='http://www.esri.com/schemas/ArcGIS/10.7'&gt;&lt;WKT&gt;PROJCS[&amp;quot;NAD_1983_StatePlane_California_VI_FIPS_0406_Feet&amp;quot;,GEOGCS[&amp;quot;GCS_North_American_1983&amp;quot;,DATUM[&amp;quot;D_North_American_1983&amp;quot;,SPHEROID[&amp;quot;GRS_1980&amp;quot;,6378137.0,298.257222101]],PRIMEM[&amp;quot;Greenwich&amp;quot;,0.0],UNIT[&amp;quot;Degree&amp;quot;,0.0174532925199433]],PROJECTION[&amp;quot;Lambert_Conformal_Conic&amp;quot;],PARAMETER[&amp;quot;False_Easting&amp;quot;,6561666.666666666],PARAMETER[&amp;quot;False_Northing&amp;quot;,1640416.666666667],PARAMETER[&amp;quot;Central_Meridian&amp;quot;,-116.25],PARAMETER[&amp;quot;Standard_Parallel_1&amp;quot;,32.78333333333333],PARAMETER[&amp;quot;Standard_Parallel_2&amp;quot;,33.88333333333333],PARAMETER[&amp;quot;Latitude_Of_Origin&amp;quot;,32.16666666666666],UNIT[&amp;quot;Foot_US&amp;quot;,0.3048006096012192],AUTHORITY[&amp;quot;EPSG&amp;quot;,2230]]&lt;/WKT&gt;&lt;XOrigin&gt;-118608900&lt;/XOrigin&gt;&lt;YOrigin&gt;-91259500&lt;/YOrigin&gt;&lt;XYScale&gt;35979706.307677768&lt;/XYScale&gt;&lt;ZOrigin&gt;-100000&lt;/ZOrigin&gt;&lt;ZScale&gt;10000&lt;/ZScale&gt;&lt;MOrigin&gt;-100000&lt;/MOrigin&gt;&lt;MScale&gt;10000&lt;/MScale&gt;&lt;XYTolerance&gt;0.0032808333333333331&lt;/XYTolerance&gt;&lt;ZTolerance&gt;0.001&lt;/ZTolerance&gt;&lt;MTolerance&gt;0.001&lt;/MTolerance&gt;&lt;HighPrecision&gt;true&lt;/HighPrecision&gt;&lt;WKID&gt;102646&lt;/WKID&gt;&lt;LatestWKID&gt;2230&lt;/LatestWKID&gt;&lt;/ProjectedCoordinateSystem&gt;</peXml></coordRef><copyHistory><copy source="U:\_ProjectSurfliner\0_MetadataPrep\z_COMPLETED\Recycled_Water_aw\SD_City_Recycled_Water_Main_2018_10_orig" dest="\\darry\data-gis-under-review\_ProjectSurfliner\0_MetadataPrep\Recycled_Water_DAMsaw\Original\SD_City_Recycled_Water_Main_2018_10_orig" date="20220426" time="15091900"></copy></copyHistory></DataProperties><SyncDate>20210312</SyncDate><SyncTime>13175600</SyncTime><ModDate>20210312</ModDate><ModTime>13175600</ModTime><scaleRange><minScale>150000000</minScale><maxScale>5000</maxScale></scaleRange></Esri><mdChar><CharSetCd value="004"/></mdChar><mdContact><rpIndName>Geographic Information Systems (GIS) Section</rpIndName><rpOrgName>City of San Diego Public Utilities Department</rpOrgName><rpPosName>Geographic Information Systems (GIS) Section</rpPosName><rpCntInfo><cntAddress addressType="both"><delPoint>2797 Caminito Chollas </delPoint><city>San Diego</city><adminArea>CA</adminArea><postCode>92105</postCode><country>US</country></cntAddress><cntPhone><voiceNum>619-527-7482</voiceNum></cntPhone><cntHours>M-TH 1 to 4 p.m.; Fri 1 to 3:30 p.m.; Closed City Holidays</cntHours></rpCntInfo><displayName>Geographic Information Systems (GIS) Section</displayName><displayName>Geographic Information Systems (GIS) Section</displayName><displayName>Geographic Information Systems (GIS) Section</displayName><displayName>Geographic Information Systems (GIS) Section</displayName><role><RoleCd value="010"/></role></mdContact><mdContact><rpIndName>Scott Daeschner </rpIndName><rpOrgName>City of San Diego, Department of Information Technology</rpOrgName><rpPosName>GIS Manager</rpPosName><displayName>Scott Daeschner </displayName><rpCntInfo><cntAddress addressType="both"><delPoint>1200 Third Avenue, MS # 51SD</delPoint><city>San Diego</city><adminArea>CA</adminArea><postCode>92101</postCode><eMailAdd>SDaeschner@sandiego.gov</eMailAdd><country>US</country></cntAddress><cntPhone><voiceNum>619-533-6417</voiceNum></cntPhone></rpCntInfo><displayName>Scott Daeschner </displayName><displayName>Scott Daeschner </displayName><displayName>Scott Daeschner </displayName><role><RoleCd value="007"/></role></mdContact><distInfo><distributor><distorCont><rpIndName>SanGIS Data Librarian</rpIndName><rpOrgName>SanGIS</rpOrgName><rpPosName>SanGIS Data Librarian</rpPosName><rpCntInfo><cntAddress><delPoint>5510 Overland Avenue, Suite 230 </delPoint><city>San Diego</city><adminArea>CA</adminArea><postCode>92123</postCode><country>US</country></cntAddress><cntPhone><voiceNum>858-874-7000 </voiceNum><faxNum>858-874-7002</faxNum></cntPhone><cntHours>M-F 8 a.m. - 4 p.m.</cntHours></rpCntInfo><displayName>SanGIS Data Librarian</displayName><role><RoleCd value="005"/></role></distorCont><distorOrdPrc><ordInstr>Refer to SanGIS website (http://www.sangis.org/services/index.html) to obtain further information on mapping and data extraction services available from SanGIS.</ordInstr></distorOrdPrc><distorTran><onLineSrc><orDesc>Downloadable as shapefile from http://www.sangis.org/download/index.html</orDesc></onLineSrc></distorTran></distributor><distFormat><formatName Sync="TRUE">Shapefile</formatName></distFormat><distTranOps><transSize Sync="TRUE">0.440</transSize></distTranOps></distInfo><dataIdInfo><idCitation><presForm><fgdcGeoform>vector digital data</fgdcGeoform><PresFormCd value="005" Sync="TRUE"></PresFormCd></presForm><resAltTitle>RECYCLED WATER PIPE</resAltTitle><collTitle>WATER INFRASTRUCTURE</collTitle><citRespParty><rpIndName>Geographic Information Systems (GIS) Section</rpIndName><rpOrgName>City of San Diego Public Utilities Department</rpOrgName><rpPosName>Geographic Information Systems (GIS) Section</rpPosName><rpCntInfo><cntAddress addressType="both"><delPoint>2797 Caminito Chollas </delPoint><city>San Diego</city><adminArea>CA</adminArea><postCode>92105</postCode><country>US</country></cntAddress><cntPhone><voiceNum>619-527-7482</voiceNum></cntPhone><cntHours>M-TH 1 to 4 p.m.; Fri 1 to 3:30 p.m.; Closed City Holidays</cntHours></rpCntInfo><displayName>Geographic Information Systems (GIS) Section</displayName><displayName>Geographic Information Systems (GIS) Section</displayName><displayName>Geographic Information Systems (GIS) Section</displayName><displayName>Geographic Information Systems (GIS) Section</displayName><role><RoleCd value="010"/></role></citRespParty><citRespParty><rpIndName>Scott Daeschner </rpIndName><rpOrgName>City of San Diego, Department of Information Technology</rpOrgName><rpPosName>GIS Manager</rpPosName><displayName>Scott Daeschner </displayName><rpCntInfo><cntAddress addressType="both"><delPoint>1200 Third Avenue, MS # 51SD</delPoint><city>San Diego</city><adminArea>CA</adminArea><postCode>92101</postCode><eMailAdd>SDaeschner@sandiego.gov</eMailAdd><country>US</country></cntAddress><cntPhone><voiceNum>619-533-6417</voiceNum></cntPhone></rpCntInfo><displayName>Scott Daeschner </displayName><displayName>Scott Daeschner </displayName><displayName>Scott Daeschner </displayName><role><RoleCd value="007"/></role></citRespParty><date><pubDate>2018-10-01T00:00:00</pubDate></date><resTitle Sync="TRUE">SD_City_Recycled_Water_Main_2018_10</resTitle></idCitation><dataExt><exDesc>publication date</exDesc><tempEle><TempExtent><exTemp><TM_Instant><tmPosition>2018-04-05T00:00:00</tmPosition></TM_Instant></exTemp></TempExtent></tempEle><geoEle/></dataExt><idPurp>Recycled Water Distribution and Transmission System for the City of San Diego. The recycled water system includes recycled water pipes that can run parallel to potable water pipes.  Recycled water is for non-potable use, typically irrigation or industrial processes and can be identified by purple pipe, tape, or signs.  Potable water is used for human consumption such as drinking, cooking bathing or washing clothes.</idPurp><idAbs>Line features to show the location of City of San Diego owned recycled water pipes (also known as recycled water mains). The majority of the information is sourced from construction drawings ("as-builts") and supplimented with information gathered from the field.The California State Water Resources Control Board sets the standards for treatment and types of uses for recycled water. The City of San Diego produces recycled water through tertiary treatment of waste water. Recycled water pipes transport water for private irrigation services, irrigation of City maintained parks, landscaping, and industrial processes.</idAbs><idCredit>This data is routinely maintained by City of San Diego, Public Utilities Department; Asset Management-GIS section.</idCredit><searchKeys><keyword>City of San Diego</keyword><keyword>Recycled Water</keyword><keyword>Reclaimed Water</keyword><keyword>Pipe</keyword><keyword>Main</keyword><keyword>Public Utilities</keyword><keyword>Water</keyword></searchKeys><resConst><Consts><useLimit>NO LIMITATION. THIS MAP/DATA IS PROVIDED WITHOUT WARRANTY OF ANYKIND, EITHER EXPRESS OR IMPLIED, INCLUDING BUT NOT LIMITED TO, THE IMPLIED WARRANTIES OF MERCHANTABILITY AND FITNESS FOR A PARTICULAR PURPOSE.Copyright SanGIS 2017. All rights reserved. Full text of this legal notice can be found at http://www.sangis.org/legal_notice.htm.</useLimit></Consts></resConst><themeKeys><keyword>City of San Diego, Recycled Water, Reclaimed Water, Pipe, Main, Public Utilities, Water</keyword></themeKeys><placeKeys><keyword>City of San Diego</keyword></placeKeys><dataChar><CharSetCd value="004"/></dataChar><resMaint><maintFreq><MaintFreqCd value="001"/></maintFreq><maintCont><rpIndName>Geographic Information Systems (GIS) Section</rpIndName><rpOrgName>City of San Diego Public Utilities Department</rpOrgName><rpPosName>Geographic Information Systems (GIS) Section</rpPosName><rpCntInfo><cntAddress addressType="both"><delPoint>2797 Caminito Chollas </delPoint><city>San Diego</city><adminArea>CA</adminArea><postCode>92105</postCode><country>US</country></cntAddress><cntPhone><voiceNum>619-527-7482</voiceNum></cntPhone><cntHours>M-TH 1 to 4 p.m.; Fri 1 to 3:30 p.m.; Close City Holidays</cntHours></rpCntInfo><displayName>Geographic Information Systems (GIS) Section</displayName><displayName>Geographic Information Systems (GIS) Section</displayName><displayName>Geographic Information Systems (GIS) Section</displayName><displayName>Geographic Information Systems (GIS) Section</displayName><role><RoleCd value="010"/></role></maintCont></resMaint><idStatus><ProgCd value="004"/></idStatus><idPoC><rpIndName>Geographic Information Systems (GIS) Section</rpIndName><rpOrgName>City of San Diego Public Utilities Department</rpOrgName><rpPosName>Geographic Information Systems (GIS) Section</rpPosName><rpCntInfo><cntAddress addressType="both"><delPoint>2797 Caminito Chollas </delPoint><city>San Diego</city><adminArea>CA</adminArea><postCode>92105</postCode><country>US</country></cntAddress><cntPhone><voiceNum>619-527-7482</voiceNum></cntPhone><cntHours>M-TH 1 to 4 p.m.; Fri 1 to 3:30 p.m.; Closed City Holidays</cntHours></rpCntInfo><displayName>Geographic Information Systems (GIS) Section</displayName><displayName>Geographic Information Systems (GIS) Section</displayName><displayName>Geographic Information Systems (GIS) Section</displayName><displayName>Geographic Information Systems (GIS) Section</displayName><role><RoleCd value="010"/></role></idPoC><idPoC><rpIndName>Scott Daeschner </rpIndName><rpOrgName>City of San Diego, Department of Information Technology</rpOrgName><rpPosName>GIS Manager</rpPosName><displayName>Scott Daeschner </displayName><rpCntInfo><cntAddress addressType="both"><delPoint>1200 Third Avenue, MS # 51SD</delPoint><city>San Diego</city><adminArea>CA</adminArea><postCode>92101</postCode><eMailAdd>SDaeschner@sandiego.gov</eMailAdd><country>US</country></cntAddress><cntPhone><voiceNum>619-533-6417</voiceNum></cntPhone></rpCntInfo><displayName>Scott Daeschner </displayName><displayName>Scott Daeschner </displayName><displayName>Scott Daeschner </displayName><role><RoleCd value="007"/></role></idPoC><tpCat><TopicCatCd value="019"/></tpCat><tpCat><TopicCatCd value="013"/></tpCat><tpCat><TopicCatCd value="015"/></tpCat><envirDesc Sync="TRUE"> Version 6.2 (Build 9200) ; Esri ArcGIS 10.7.1.11595</envirDesc><dataLang><languageCode value="eng" Sync="TRUE"></languageCode><countryCode value="USA" Sync="TRUE"></countryCode></dataLang><spatRpType><SpatRepTypCd value="001" Sync="TRUE"></SpatRepTypCd></spatRpType><dataExt><geoEle><GeoBndBox esriExtentType="search"><exTypeCode Sync="TRUE">1</exTypeCode><westBL Sync="TRUE">-117.247442</westBL><eastBL Sync="TRUE">-116.962327</eastBL><northBL Sync="TRUE">33.060232</northBL><southBL Sync="TRUE">32.542267</southBL></GeoBndBox></geoEle></dataExt></dataIdInfo><mdMaint><maintFreq><MaintFreqCd value="009"/></maintFreq></mdMaint><eainfo><detailed Name="SD_City_Recycled_Water_Main_2018_10"><enttyp><enttypl Sync="TRUE">SD_City_Recycled_Water_Main_2018_10</enttypl><enttypt Sync="TRUE">Feature Class</enttypt><enttypc Sync="TRUE">2471</enttypc><enttypd>RECYCLED WATER PIPE/MAIN</enttypd><enttypds>City of San Diego, Public Utilities, Asset Management/GIS</enttypds></enttyp><attr><attrlabl Sync="TRUE">FID</attrlabl><attalias Sync="TRUE">FID</attalias><attrtype Sync="TRUE">OID</attrtype><attwidth Sync="TRUE">4</attwidth><atprecis Sync="TRUE">0</atprecis><attscale Sync="TRUE">0</attscale><attrdef Sync="TRUE">Internal feature number.</attrdef><attrdefs Sync="TRUE">Esri</attrdefs><attrdomv><udom Sync="TRUE">Sequential unique whole numbers that are automatically generated.</udom></attrdomv></attr><attr><attrlabl Sync="TRUE">FAC_TYP_CD</attrlabl><attalias Sync="TRUE">FAC_TYP_CD</attalias><attrtype Sync="TRUE">String</attrtype><attwidth Sync="TRUE">4</attwidth><atprecis Sync="TRUE">0</atprecis><attscale Sync="TRUE">0</attscale><attrdef>Coded value identifying the type of facility

WTRM: Water Main</attrdef><attrdefs>Public Utilities Department</attrdefs></attr><attr><attrlabl Sync="TRUE">FACTYPDESC</attrlabl><attalias Sync="TRUE">FACTYPDESC</attalias><attrtype Sync="TRUE">String</attrtype><attwidth Sync="TRUE">35</attwidth><atprecis Sync="TRUE">0</atprecis><attscale Sync="TRUE">0</attscale><attrdefs>Public Utilities Department</attrdefs><attrdef>Descriptor of the facility type

WATER MAIN</attrdef></attr><attr><attrlabl Sync="TRUE">PIPETYPED</attrlabl><attalias Sync="TRUE">PIPETYPED</attalias><attrtype Sync="TRUE">String</attrtype><attwidth Sync="TRUE">25</attwidth><atprecis Sync="TRUE">0</atprecis><attscale Sync="TRUE">0</attscale><attrdefs>Public Utilities Department</attrdefs><attrdef>Descriptor of the type of water main pipe

BYPASS;
DISTRIBITION;
DRAIN;
OVERFLOW;
PUMP STATION PIPING;
SIDE OUTLET;
TRANSMISSION</attrdef></attr><attr><attrlabl Sync="TRUE">LGTH_QTY</attrlabl><attalias Sync="TRUE">LGTH_QTY</attalias><attrtype Sync="TRUE">Integer</attrtype><attwidth Sync="TRUE">10</attwidth><atprecis Sync="TRUE">10</atprecis><attscale Sync="TRUE">0</attscale><attrdefs>Public Utilities Department</attrdefs><attrdef>Identifies the length of pipe in feet</attrdef></attr><attr><attrlabl Sync="TRUE">MATL_CD</attrlabl><attalias Sync="TRUE">MATL_CD</attalias><attrtype Sync="TRUE">String</attrtype><attwidth Sync="TRUE">5</attwidth><atprecis Sync="TRUE">0</atprecis><attscale Sync="TRUE">0</attscale><attrdefs>Public Utilities Department</attrdefs><attrdef>Coded value identifying the type of material used to manufacture each main

AC: Asbestos Cement;
BRASS:  Brass;
C:  Copper;
CI:  Cast Iron;
CMLCS: Cement Mortar Lined and Coated Steel;
CMLTC:  Cement Mortar Lined Tape Cement Coated;
CMLTW:  Cement Mortar Lined and Tape Wrapped;
CP:  Concrete;
DI:  Ductile Iron;
DPWCL:  Ductile Iron Polyethylene Wrapped Double Cement
GALV:  Galvanized:
HDPE:  High Density Polyethylene;
P: Plastic;
PCSC: Prestressed Concrete Steel Cylinder;
PVC: Polyvinyl Chloride;
RCSC: Reinforced Concrete Steel Cylinder;
RSCL: RSCL
SCRW: Steel Cylinder Rod Wrapped;
STL:  Steel
STLCL:  Steel Cement Lined;
TCSCL:  Tape Coated Steel Cement Lined;
UNK:  Unknown;
VC:  Vitrified Clay;
WI:  Wrought Iron;
WSCL:  Welded Steel Cement Lined;
WSP:  Welded Steel;
</attrdef></attr><attr><attrlabl Sync="TRUE">MATERIALD</attrlabl><attalias Sync="TRUE">MATERIALD</attalias><attrtype Sync="TRUE">String</attrtype><attwidth Sync="TRUE">50</attwidth><atprecis Sync="TRUE">0</atprecis><attscale Sync="TRUE">0</attscale><attrdefs>Public Utilities Department</attrdefs><attrdef>Descriptor identifying the type of material used to manufacture each main

Asbestos Cement;
Brass;
Copper;
Cast Iron;
Cement Mortar Lined and Coated Steel;
Cement Mortar Lined Tape Cement Coated;
Cement Mortar Lined and Tape Wrapped;
Concrete;
Ductile Iron;
Ductile Iron Polyethylene Wrapped Double Cement;
Galvanized;
High Density Polyethylene;
Plastic;
Prestressed Concrete Steel Cylinder;
Polyvinyl Chloride;
Reinforced Concrete Steel Cylinder;
RSCL
Steel Cylinder Rod Wrapped;
Steel;
Steel Cement Lined;
Tape Coated Steel Cement Lined;
Unknown;
Vitrified Clay;
Wrought Iron;
Welded Steel Cement Lined;
Welded Steel;
</attrdef></attr><attr><attrlabl Sync="TRUE">EASMNT_IND</attrlabl><attalias Sync="TRUE">EASMNT_IND</attalias><attrtype Sync="TRUE">String</attrtype><attwidth Sync="TRUE">1</attwidth><atprecis Sync="TRUE">0</atprecis><attscale Sync="TRUE">0</attscale><attrdefs>Public Utilities Department</attrdefs><attrdef>Coded value identifying whether the asset is located within an easement

Y:  Yes
N:  No</attrdef></attr><attr><attrlabl Sync="TRUE">FRCTNFCTQT</attrlabl><attalias Sync="TRUE">FRCTNFCTQT</attalias><attrtype Sync="TRUE">Integer</attrtype><attwidth Sync="TRUE">10</attwidth><atprecis Sync="TRUE">10</atprecis><attscale Sync="TRUE">0</attscale><attrdefs>Public Utilities Department</attrdefs><attrdef>Describes the friction factor as a quantity for each pipe.  Friction factor is influenced by the pipe roughness and diameter.</attrdef></attr><attr><attrlabl Sync="TRUE">FNCTNL_CD</attrlabl><attalias Sync="TRUE">FNCTNL_CD</attalias><attrtype Sync="TRUE">String</attrtype><attwidth Sync="TRUE">1</attwidth><atprecis Sync="TRUE">0</atprecis><attscale Sync="TRUE">0</attscale><attrdefs>Public Utilities Department</attrdefs><attrdef>Coded value identifying whether the asset is currently functional

Y:  Yes
N: No</attrdef></attr><attr><attrlabl Sync="TRUE">OWNRSHIPD</attrlabl><attalias Sync="TRUE">OWNRSHIPD</attalias><attrtype Sync="TRUE">String</attrtype><attwidth Sync="TRUE">25</attwidth><atprecis Sync="TRUE">0</atprecis><attscale Sync="TRUE">0</attscale><attrdefs>Public Utilities Department</attrdefs><attrdef>Identifies the full name of the pipeline owner

CAL-AMERICAN WATER CO.
COUNTY WATER AUTHORITY
DEL MAR UTILITIES CO
CITY OF ESCONDIDO
HELIX WATER DIST
NATIONAL CITY
NAVY
OLIVENHAIN WATER DISTRICT
OTHER (PRIVATE)
OTAY MUNICIPAL WATER DIST
PADRE DAM MUNC WATER DIST
CITY OF POWAY
SD UNIFIED PORT DISTRICT
PRIVATE
RAMONA MUNICIPAL WTR DIST
CITY OF SAN DIEGO
SANTA FE IRRIGATION DIST
SWEETWATER AUTHORITY</attrdef></attr><attr><attrlabl Sync="TRUE">STRTADRTYP</attrlabl><attalias Sync="TRUE">STRTADRTYP</attalias><attrtype Sync="TRUE">String</attrtype><attwidth Sync="TRUE">2</attwidth><atprecis Sync="TRUE">0</atprecis><attscale Sync="TRUE">0</attscale><attrdefs>Public Utilities Department</attrdefs><attrdef>Coded value identifying the method used to calculate the address 

NULL: Not Attributed
B:
F:</attrdef></attr><attr><attrlabl Sync="TRUE">DIVMAINBYD</attrlabl><attalias Sync="TRUE">DIVMAINBYD</attalias><attrtype Sync="TRUE">String</attrtype><attwidth Sync="TRUE">25</attwidth><atprecis Sync="TRUE">0</atprecis><attscale Sync="TRUE">0</attscale><attrdefs>Public Utilities Department</attrdefs><attrdef>Identifies the Organization, Department, Division or Section responsible for maintaining the asset

RECLAIMED WATER;
WATER DISTRIBUTION;
OPERATIONS &amp; MAINTENANCE;
WATER OPERATIONS;
OTHER AGENCY</attrdef></attr><attr><attrlabl Sync="TRUE">FAC_NAME</attrlabl><attalias Sync="TRUE">FAC_NAME</attalias><attrtype Sync="TRUE">String</attrtype><attwidth Sync="TRUE">50</attwidth><atprecis Sync="TRUE">0</atprecis><attscale Sync="TRUE">0</attscale><attrdefs>Public Utilities Department</attrdefs><attrdef>Identifies the associated facility name for each pipe</attrdef></attr><attr><attrlabl Sync="TRUE">INST_DT</attrlabl><attalias Sync="TRUE">INST_DT</attalias><attrtype Sync="TRUE">Date</attrtype><attwidth Sync="TRUE">8</attwidth><atprecis Sync="TRUE">0</atprecis><attscale Sync="TRUE">0</attscale><attrdefs>Public Utilities Department</attrdefs><attrdef>Installation date associated with each asset</attrdef></attr><attr><attrlabl Sync="TRUE">MAP_ID</attrlabl><attalias Sync="TRUE">MAP_ID</attalias><attrtype Sync="TRUE">Integer</attrtype><attwidth Sync="TRUE">10</attwidth><atprecis Sync="TRUE">10</atprecis><attscale Sync="TRUE">0</attscale><attrdefs>Public Utilities Department</attrdefs><attrdef>Identifies unique Map Identification Number.  MAP_ID is a GIS generated number, unique per infrastructure and fieldbook page.  Fire Services are on their own number sequence.</attrdef></attr><attr><attrlabl Sync="TRUE">STRTNUM</attrlabl><attalias Sync="TRUE">STRTNUM</attalias><attrtype Sync="TRUE">Double</attrtype><attwidth Sync="TRUE">19</attwidth><atprecis Sync="TRUE">0</atprecis><attscale Sync="TRUE">0</attscale><attrdefs>Public Utilities Department</attrdefs><attrdef>Identifies the street address number associated with each asset</attrdef></attr><attr><attrlabl Sync="TRUE">STRTPREDIR</attrlabl><attalias Sync="TRUE">STRTPREDIR</attalias><attrtype Sync="TRUE">String</attrtype><attwidth Sync="TRUE">2</attwidth><atprecis Sync="TRUE">0</atprecis><attscale Sync="TRUE">0</attscale><attrdefs>Public Utilities Department</attrdefs><attrdef>Identifies the street name pre-direction associated with each asset

N: North
S: South
E: East
W: West</attrdef></attr><attr><attrlabl Sync="TRUE">STRTNAME</attrlabl><attalias Sync="TRUE">STRTNAME</attalias><attrtype Sync="TRUE">String</attrtype><attwidth Sync="TRUE">20</attwidth><atprecis Sync="TRUE">0</atprecis><attscale Sync="TRUE">0</attscale><attrdefs>Public Utilities Department</attrdefs><attrdef>Identifies the street name associated with each asset</attrdef></attr><attr><attrlabl Sync="TRUE">STRTSFX</attrlabl><attalias Sync="TRUE">STRTSFX</attalias><attrtype Sync="TRUE">String</attrtype><attwidth Sync="TRUE">2</attwidth><atprecis Sync="TRUE">0</atprecis><attscale Sync="TRUE">0</attscale><attrdefs>Public Utilities Department</attrdefs><attrdef>Identifies the street address suffix associated with each asset.  Follows the RD20 standard.  Refer to SanGIS for a comprehensive list of street suffixes.

AV:  Avenue
BL:  Boulevard
BP:  Bypass
CR:  Circle
CT:  Court
CV:  Cove
DR:  Drive
PL:  Place
PY:  Parkway
ST:  Street
TR:  Terrace</attrdef></attr><attr><attrlabl Sync="TRUE">STRT_UNIT</attrlabl><attalias Sync="TRUE">STRT_UNIT</attalias><attrtype Sync="TRUE">String</attrtype><attwidth Sync="TRUE">8</attwidth><atprecis Sync="TRUE">0</atprecis><attscale Sync="TRUE">0</attscale><attrdefs>CPublic Utilities Departmen</attrdefs><attrdef>Identifies the street address unit associated with each asset</attrdef></attr><attr><attrlabl Sync="TRUE">GATED_CO</attrlabl><attalias Sync="TRUE">GATED_CO</attalias><attrtype Sync="TRUE">String</attrtype><attwidth Sync="TRUE">1</attwidth><atprecis Sync="TRUE">0</atprecis><attscale Sync="TRUE">0</attscale><attrdefs>Public Utilities Department</attrdefs><attrdef>Coded value identifying whether asset is within a gated community

Y: Yes
N: No</attrdef></attr><attr><attrlabl Sync="TRUE">NAD83E_NUM</attrlabl><attalias Sync="TRUE">NAD83E_NUM</attalias><attrtype Sync="TRUE">Double</attrtype><attwidth Sync="TRUE">19</attwidth><atprecis Sync="TRUE">0</atprecis><attscale Sync="TRUE">0</attscale><attrdefs>Public Utilities Department</attrdefs><attrdef>Coordinate as NAD 83 easting.  The North American Datum (NAD) is the datum used to define the geodetic network in North America.  NAD 83 is the current geodetric reference system.</attrdef></attr><attr><attrlabl Sync="TRUE">NAD83N_NUM</attrlabl><attalias Sync="TRUE">NAD83N_NUM</attalias><attrtype Sync="TRUE">Double</attrtype><attwidth Sync="TRUE">19</attwidth><atprecis Sync="TRUE">0</atprecis><attscale Sync="TRUE">0</attscale><attrdef>Coordinate as NAD 83 northing.  The North American Datum (NAD) is the datum used to define the geodetic network in North America.  NAD 83 is the current geodetric reference system.</attrdef><attrdefs>Public Utilities Department</attrdefs></attr><attr><attrlabl Sync="TRUE">NAD27E_NUM</attrlabl><attalias Sync="TRUE">NAD27E_NUM</attalias><attrtype Sync="TRUE">Double</attrtype><attwidth Sync="TRUE">19</attwidth><atprecis Sync="TRUE">0</atprecis><attscale Sync="TRUE">0</attscale><attrdefs>Public Utilities Department</attrdefs><attrdef>Coordinate as NAD 27 northing.  The North American Datum (NAD) is the datum used to define the geodetic network in North America.</attrdef></attr><attr><attrlabl Sync="TRUE">NAD27N_NUM</attrlabl><attalias Sync="TRUE">NAD27N_NUM</attalias><attrtype Sync="TRUE">Double</attrtype><attwidth Sync="TRUE">19</attwidth><atprecis Sync="TRUE">0</atprecis><attscale Sync="TRUE">0</attscale><attrdefs>Public Utilities Department</attrdefs><attrdef>Coordinate as NAD 27 northing.  The North American Datum (NAD) is the datum used to define the geodetic network in North America. </attrdef></attr><attr><attrlabl Sync="TRUE">SENSTVELND</attrlabl><attalias Sync="TRUE">SENSTVELND</attalias><attrtype Sync="TRUE">String</attrtype><attwidth Sync="TRUE">1</attwidth><atprecis Sync="TRUE">0</atprecis><attscale Sync="TRUE">0</attscale><attrdefs>Public Utilities Department</attrdefs><attrdef>Coded value identifies whether asset is located within a sensitive land area

Y: Yes
N: No</attrdef></attr><attr><attrlabl Sync="TRUE">DRAWG_NUM</attrlabl><attalias Sync="TRUE">DRAWG_NUM</attalias><attrtype Sync="TRUE">String</attrtype><attwidth Sync="TRUE">10</attwidth><atprecis Sync="TRUE">0</atprecis><attscale Sync="TRUE">0</attscale><attrdefs>Public Utilities Department</attrdefs><attrdef>Identifies the map drawing number associated with each asset</attrdef></attr><attr><attrlabl Sync="TRUE">SHAPE</attrlabl><attalias Sync="TRUE">Shape</attalias><attrtype Sync="TRUE">Geometry</attrtype><attwidth Sync="TRUE">0</attwidth><atprecis Sync="TRUE">0</atprecis><attscale Sync="TRUE">0</attscale><attrdef Sync="TRUE">Feature geometry.</attrdef><attrdefs Sync="TRUE">Esri</attrdefs><attrdomv><udom Sync="TRUE">Coordinates defining the features.</udom></attrdomv></attr><attr><attrlabl Sync="TRUE">FAC_SEQ_NU</attrlabl><attalias Sync="TRUE">FAC_SEQ_NU</attalias><attrtype Sync="TRUE">Integer</attrtype><attwidth Sync="TRUE">10</attwidth><atprecis Sync="TRUE">10</atprecis><attscale Sync="TRUE">0</attscale><attrdef>FAC_SEQ_NUM
Facility Sequence Number is a unique identifier for each asset

Key Field</attrdef><attrdefs>Public Utilities Department</attrdefs></attr><attr><attrlabl Sync="TRUE">INFRASTRUC</attrlabl><attalias Sync="TRUE">INFRASTRUC</attalias><attrtype Sync="TRUE">String</attrtype><attwidth Sync="TRUE">2</attwidth><atprecis Sync="TRUE">0</atprecis><attscale Sync="TRUE">0</attscale><attrdef>INFRASTRUCTURE_TYP_CD
Coded value identifying the type of infrastructure

RC: Recycled Water</attrdef><attrdefs>Public Utilities Department</attrdefs></attr><attr><attrlabl Sync="TRUE">PIPE_TYP_C</attrlabl><attalias Sync="TRUE">PIPE_TYP_C</attalias><attrtype Sync="TRUE">String</attrtype><attwidth Sync="TRUE">5</attwidth><atprecis Sync="TRUE">0</atprecis><attscale Sync="TRUE">0</attscale><attrdef>PIPE_TYP_CD
Coded value identifying the type of water main pipe

BP: Bypass;
DIS:  Distribution;
DRN: Drain;
OF: Overflow;
PS: Pump Station Piping;
SO: Side Outlet;
TRN: Transmission;</attrdef><attrdefs>Public Utilities Department</attrdefs></attr><attr><attrlabl Sync="TRUE">HGL_OVERRI</attrlabl><attalias Sync="TRUE">HGL_OVERRI</attalias><attrtype Sync="TRUE">String</attrtype><attwidth Sync="TRUE">1</attwidth><atprecis Sync="TRUE">0</atprecis><attscale Sync="TRUE">0</attscale><attrdef>HGL_OVERRIDE_IND
Coded value identifying which assets include hydraulic grade lines (HGL) override

Y: Yes
N: No</attrdef><attrdefs>Public Utilities Department</attrdefs></attr><attr><attrlabl Sync="TRUE">INSD_DIAM_</attrlabl><attalias Sync="TRUE">INSD_DIAM_</attalias><attrtype Sync="TRUE">Double</attrtype><attwidth Sync="TRUE">19</attwidth><atprecis Sync="TRUE">0</atprecis><attscale Sync="TRUE">0</attscale><attrdef>INSD_DIAM_SIZE_NUM   
Identifies the inside pipe diameter in inches</attrdef><attrdefs>Public Utilities Department</attrdefs></attr><attr><attrlabl Sync="TRUE">PRESSR_CLA</attrlabl><attalias Sync="TRUE">PRESSR_CLA</attalias><attrtype Sync="TRUE">Integer</attrtype><attwidth Sync="TRUE">10</attwidth><atprecis Sync="TRUE">10</atprecis><attscale Sync="TRUE">0</attscale><attrdef>PRESSR_CLASS_QTY   
Identifies the hydraulic pressure class of pipes</attrdef><attrdefs>Public Utilities Department</attrdefs></attr><attr><attrlabl Sync="TRUE">PRESSR_ZN_</attrlabl><attalias Sync="TRUE">PRESSR_ZN_</attalias><attrtype Sync="TRUE">String</attrtype><attwidth Sync="TRUE">20</attwidth><atprecis Sync="TRUE">0</atprecis><attscale Sync="TRUE">0</attscale><attrdef>PRESSR_ZN_NM 
Identifies name of the hydraulic pressure zone as defined by the Public Utilities Department.  Pipes with a NULL value are outside City limits.

ALLIED GARDENS
ALVARADO
ARCHER
ARNOLD HILLS
ARROYO SORRENTO
BAY TERRACE
BAYVIEW
BERNARDO HEIGHTS
BERNARDO OAKS
BERNARDO TRAILS
BLACK MTN RANCH
CABRILLO PALISADES
CARMEL COUNTRY
CARMEL MALL
CARMEL VALLEY
CARMEL VIEW
CARROLL RIDGE
CATALINA
CLIMAX
COLLEGE CANYON
CORNISH HILL
COUNTRY CASUAL
CWA19
DEL CERRO
DEL MAR HILLS
DEL MAR TERRACE
DENNERY RD
EAGLE RIDGE
EL CAMINO
FLORAL TERRACE
GLIDDEN
GOLF COURSE
HILLSBOROUGH
IMPERIAL
KEARNY MESA
LA JOLLA GARDENS
LA JOLLA HERMOSA
LA JOLLA MESA VISTA
LA JOLLA PACIFICA
LA JOLLA SHORES
LA JOLLA SOLEDAD W
LA JOLLA TOWNE
LA MIRAGE
LIBERTY STATION
LOWER DEL MAR TERR
LUSK PARK
MAR VILLA
MERCY HIGH
MIRA MESA
MIRAMAR
MIRAMAR BOOSTED
MISSION CITY
MONTE VERDE
MURPHY CANYON
NORMAL HEIGHTS
NORTH CITY
NORTH VILLAGE
NORTHWEST MESA
OAKS NORTH
OTAY MESA
OTAY REGULATED
OWD800
PACIFIC BEACH
PACIFICA
PARADISE HILLS #1
PARADISE HILLS #2
PARADISE MESA
PARKVIEW
PENASQUITOS
PENASQUITOS PARK VW
PINNACLE
POINT LOMA
POMERADO PARK
PRESTWICK ESTATES
PRINCESS DEL SOL
PRINCESS GARDENS
PRINCIPAL DOWNTOWN
RANCHO BERNARDO
RANCHO DEL SOL
RANCHO SANTA FE
REDWOOD VILLAGE
REMINGTON HILLS
RIDGEGATE LA JOLLA
RIDGEGATE REDUCED
RIVIERA DEL SOL
RIVIERA SHORES
ROBINHOOD RIDGE
RODEFER
ROSECRANS
SAN ANDRES
SAN CARLOS
SAN CARLOS ESTATES
SAN CARLOS REDUCED
SANTA LUZ
SCRIPPS EASTVIEW
SCRIPPS HILLS
SCRIPPS MESA VISTA
SCRIPPS RANCH
SCRIPPS RANCH BSTD
SCRIPPS RANCH NORTH
SCRIPPS VALLEY
SO LA JOLLA CLIFFS
SO SAN DIEGO RESV
SOLEDAD MUIRLANDS
SOUTH CREEK
STALLIONS CROSSING
STOCKWOOD
STONEBRIDGE
SYCAMORE ESTATES
SYCAMORE HILLS
TIERRASANTA
TIERRASANTA NORTE
TIERRASANTA SUR
TORREY PINES
UNIVERSITY HEIGHTS
WABASH MESA</attrdef><attrdefs>Public Utilities Department</attrdefs></attr><attr><attrlabl Sync="TRUE">PRESSR_ZN1</attrlabl><attalias Sync="TRUE">PRESSR_ZN1</attalias><attrtype Sync="TRUE">Integer</attrtype><attwidth Sync="TRUE">10</attwidth><atprecis Sync="TRUE">10</atprecis><attscale Sync="TRUE">0</attscale><attrdef>PRESSR_ZN_QTY   
Identifies the hydraulic grade zone elevation for the pressure zone in feet</attrdef><attrdefs>Public Utilities Department</attrdefs></attr><attr><attrlabl Sync="TRUE">SMALL_SPAN</attrlabl><attalias Sync="TRUE">SMALL_SPAN</attalias><attrtype Sync="TRUE">String</attrtype><attwidth Sync="TRUE">1</attwidth><atprecis Sync="TRUE">0</atprecis><attscale Sync="TRUE">0</attscale><attrdef>SMALL_SPAN_IND
Coded value used to offset a valve from an intersection for cartographic clarity

Y:  Yes
N:  No</attrdef><attrdefs>Public Utilities Department</attrdefs></attr><attr><attrlabl Sync="TRUE">ENCASEMENT</attrlabl><attalias Sync="TRUE">ENCASEMENT</attalias><attrtype Sync="TRUE">String</attrtype><attwidth Sync="TRUE">5</attwidth><atprecis Sync="TRUE">0</atprecis><attscale Sync="TRUE">0</attscale><attrdef>ENCASEMENT_MATL_CD 
Coded Value identifying the encasement material of each asset

NULL:  Not Attributed
CONC:  Concrete
STL:  Steel
UNK:  Unknown</attrdef><attrdefs>Public Utilities Department</attrdefs></attr><attr><attrlabl Sync="TRUE">LGTH_GIS_I</attrlabl><attalias Sync="TRUE">LGTH_GIS_I</attalias><attrtype Sync="TRUE">String</attrtype><attwidth Sync="TRUE">1</attwidth><atprecis Sync="TRUE">0</atprecis><attscale Sync="TRUE">0</attscale><attrdef>LGTH_GIS_IND
Coded value identifying whether the length of pipe was calculated using GIS

Y:  Yes
N:  No</attrdef><attrdefs>Public Utilities Department</attrdefs></attr><attr><attrlabl Sync="TRUE">MAPNG_STAT</attrlabl><attalias Sync="TRUE">MAPNG_STAT</attalias><attrtype Sync="TRUE">String</attrtype><attwidth Sync="TRUE">24</attwidth><atprecis Sync="TRUE">0</atprecis><attscale Sync="TRUE">0</attscale><attrdef>MAPNG_STAT_CD
Identifies the source used to establish the feature within GIS

OPERATIONAL
AS BUILT</attrdef><attrdefs>Public Utilities Department</attrdefs></attr><attr><attrlabl Sync="TRUE">OWNERSHIP_</attrlabl><attalias Sync="TRUE">OWNERSHIP_</attalias><attrtype Sync="TRUE">String</attrtype><attwidth Sync="TRUE">2</attwidth><atprecis Sync="TRUE">0</atprecis><attscale Sync="TRUE">0</attscale><attrdef>OWNERSHIP_CD
CA: CAL-AMERICAN WATER CO.;
CW: COUNTY WATER AUTHORITY;
DM: DEL MAR UTILITIES CO;
ES: CITY OF ESCONDIDO;
HE: HELIX WATER DIST;
NC: NATIONAL CITY;
NV: NAVY;
OL: OLIVENHAIN WATER DISTRICT;
OR: OTHER (PRIVATE);
OT: OTAY MUNICIPAL WATER DIST;
PA: PADRE DAM MUNC WATER DIST;
PC: CITY OF POWAY;
PD: SD UNIFIED PORT DISTRICT;
PI: PRIVATE;
RA: RAMONA MUNICIPAL WTR DIST;
SD: CITY OF SAN DIEGO;
SF: SANTA FE IRRIGATION DIST;
SW: SWEETWATER AUTHORITY</attrdef><attrdefs>Public Utilities Department</attrdefs></attr><attr><attrlabl Sync="TRUE">DIV_MAINT_</attrlabl><attalias Sync="TRUE">DIV_MAINT_</attalias><attrtype Sync="TRUE">String</attrtype><attwidth Sync="TRUE">2</attwidth><atprecis Sync="TRUE">0</atprecis><attscale Sync="TRUE">0</attscale><attrdef>Coded value identifying the Organization, Department, Division or Section responsible for maintaining the asset

11:  Reclaimed Water
D:  Water Distribution
O:  Other Agency
OM:  Operations &amp; Maintenance
WO:  Water Operations</attrdef><attrdefs>Public Utilities Department</attrdefs></attr><attr><attrlabl Sync="TRUE">INTERCEPTO</attrlabl><attalias Sync="TRUE">INTERCEPTO</attalias><attrtype Sync="TRUE">String</attrtype><attwidth Sync="TRUE">1</attwidth><atprecis Sync="TRUE">0</atprecis><attscale Sync="TRUE">0</attscale><attrdef>INTERCEPTOR_IND
Coded value identifying whether asset is fitted with an interceptor

Y: Yes
N: No</attrdef><attrdefs>Public Utilities Department</attrdefs></attr><attr><attrlabl Sync="TRUE">STA_PRIM_N</attrlabl><attalias Sync="TRUE">STA_PRIM_N</attalias><attrtype Sync="TRUE">Double</attrtype><attwidth Sync="TRUE">19</attwidth><atprecis Sync="TRUE">0</atprecis><attscale Sync="TRUE">0</attscale><attrdef>STA_PRIM_NUM
Identifies stationing primary number for each asset</attrdef><attrdefs>Public Utilities Department</attrdefs></attr><attr><attrlabl Sync="TRUE">STA_SCNDRY</attrlabl><attalias Sync="TRUE">STA_SCNDRY</attalias><attrtype Sync="TRUE">Double</attrtype><attwidth Sync="TRUE">19</attwidth><atprecis Sync="TRUE">0</atprecis><attscale Sync="TRUE">0</attscale><attrdef>STA_SCNDRY_NUM  
Identifies stationing secondary number</attrdef><attrdefs>Public Utilities Department</attrdefs></attr><attr><attrlabl Sync="TRUE">ACTL_INST_</attrlabl><attalias Sync="TRUE">ACTL_INST_</attalias><attrtype Sync="TRUE">String</attrtype><attwidth Sync="TRUE">1</attwidth><atprecis Sync="TRUE">0</atprecis><attscale Sync="TRUE">0</attscale><attrdef>ACTL_INST_DT_IND   
Coded value identifies whether the actual date of installation is represented in the Install Date field

Y: Yes
N: No</attrdef><attrdefs>Public Utilities Department</attrdefs></attr><attr><attrlabl Sync="TRUE">FUTURE_SIZ</attrlabl><attalias Sync="TRUE">FUTURE_SIZ</attalias><attrtype Sync="TRUE">Double</attrtype><attwidth Sync="TRUE">19</attwidth><atprecis Sync="TRUE">0</atprecis><attscale Sync="TRUE">0</attscale><attrdef>FUTURE_SIZE 
Identifies the planned size of the asset in inches</attrdef><attrdefs>Public Utilities Department</attrdefs></attr><attr><attrlabl Sync="TRUE">FUTURE_MAT</attrlabl><attalias Sync="TRUE">FUTURE_MAT</attalias><attrtype Sync="TRUE">String</attrtype><attwidth Sync="TRUE">50</attwidth><atprecis Sync="TRUE">0</atprecis><attscale Sync="TRUE">0</attscale><attrdef>FUTURE_MATL_CD
Indicates the planned material type of the asset.  Features are not attributed.</attrdef><attrdefs>Public Utilities Department</attrdefs></attr><attr><attrlabl Sync="TRUE">LOCN_DESC_</attrlabl><attalias Sync="TRUE">LOCN_DESC_</attalias><attrtype Sync="TRUE">String</attrtype><attwidth Sync="TRUE">150</attwidth><atprecis Sync="TRUE">0</atprecis><attscale Sync="TRUE">0</attscale><attrdef>LOCN_DESC_TXT   
Textual description of the geographic location of each asset</attrdef><attrdefs>Public Utilities Department</attrdefs></attr><attr><attrlabl Sync="TRUE">OLD_SPLASH</attrlabl><attalias Sync="TRUE">OLD_SPLASH</attalias><attrtype Sync="TRUE">String</attrtype><attwidth Sync="TRUE">10</attwidth><atprecis Sync="TRUE">0</atprecis><attscale Sync="TRUE">0</attscale><attrdef>OLD_SPLASH1_DLegacy field identifying "dummy" work order numberWO_ID   </attrdef><attrdefs>Public Utilities Department</attrdefs></attr><attr><attrlabl Sync="TRUE">OLD_SPLA_1</attrlabl><attalias Sync="TRUE">OLD_SPLA_1</attalias><attrtype Sync="TRUE">String</attrtype><attwidth Sync="TRUE">10</attwidth><atprecis Sync="TRUE">0</atprecis><attscale Sync="TRUE">0</attscale><attrdef>OLD_SPLASH1_WORK_ORDR_ID   
Legacy field identifying map work order number

</attrdef><attrdefs>Public Utilities Department</attrdefs></attr><attr><attrlabl Sync="TRUE">GPS_SURVEY</attrlabl><attalias Sync="TRUE">GPS_SURVEY</attalias><attrtype Sync="TRUE">String</attrtype><attwidth Sync="TRUE">1</attwidth><atprecis Sync="TRUE">0</atprecis><attscale Sync="TRUE">0</attscale><attrdef>GPS_SURVEYOR_IND   
Coded value identifying whether a surveyor used global positioning system (GPS) to record coordinates of each asset

Y:  Yes
N:  No</attrdef><attrdefs>Public Utilities Department</attrdefs></attr><attr><attrlabl Sync="TRUE">GPS_X_COOR</attrlabl><attalias Sync="TRUE">GPS_X_COOR</attalias><attrtype Sync="TRUE">Double</attrtype><attwidth Sync="TRUE">19</attwidth><atprecis Sync="TRUE">0</atprecis><attscale Sync="TRUE">0</attscale><attrdef>GPS_X_COORD_NUM   
X coordinate value derived through GPS data collection</attrdef><attrdefs>Public Utilities Department</attrdefs></attr><attr><attrlabl Sync="TRUE">GPS_Y_COOR</attrlabl><attalias Sync="TRUE">GPS_Y_COOR</attalias><attrtype Sync="TRUE">Double</attrtype><attwidth Sync="TRUE">19</attwidth><atprecis Sync="TRUE">0</atprecis><attscale Sync="TRUE">0</attscale><attrdef>GPS_Y_COORD_NUM   
Y coordinate value derived through GPS data collection</attrdef><attrdefs>Public Utilities Department</attrdefs></attr><attr><attrlabl Sync="TRUE">FAC_STAT_C</attrlabl><attalias Sync="TRUE">FAC_STAT_C</attalias><attrtype Sync="TRUE">String</attrtype><attwidth Sync="TRUE">1</attwidth><atprecis Sync="TRUE">0</atprecis><attscale Sync="TRUE">0</attscale><attrdef>FAC_STAT_CD
Coded value identifying the operational status of the asset

A: Active</attrdef><attrdefs>Public Utilities Department</attrdefs></attr><attr><attrlabl Sync="TRUE">FLD_BK_PAG</attrlabl><attalias Sync="TRUE">FLD_BK_PAG</attalias><attrtype Sync="TRUE">String</attrtype><attwidth Sync="TRUE">6</attwidth><atprecis Sync="TRUE">0</atprecis><attscale Sync="TRUE">0</attscale><attrdef>FLD_BK_PAGE_NUM   
Identifies the Public Utilities Department field book page of each asset</attrdef><attrdefs>Public Utilities Department</attrdefs></attr><attr><attrlabl Sync="TRUE">FLD_BK_GRI</attrlabl><attalias Sync="TRUE">FLD_BK_GRI</attalias><attrtype Sync="TRUE">Integer</attrtype><attwidth Sync="TRUE">10</attwidth><atprecis Sync="TRUE">10</atprecis><attscale Sync="TRUE">0</attscale><attrdef>FLD_BK_GRID_NUM
Identifies the Public Utilities Department field book grid number of each asset</attrdef><attrdefs>Public Utilities Department</attrdefs></attr><attr><attrlabl Sync="TRUE">THOMAS_BRO</attrlabl><attalias Sync="TRUE">THOMAS_BRO</attalias><attrtype Sync="TRUE">String</attrtype><attwidth Sync="TRUE">11</attwidth><atprecis Sync="TRUE">0</atprecis><attscale Sync="TRUE">0</attscale><attrdef>THOMAS_BROTHERS_CD   
Identifies the Thomas Bros Grid page and grid cell number for each asset</attrdef><attrdefs>Public Utilities Department</attrdefs></attr><attr><attrlabl Sync="TRUE">OLD_FAC_SE</attrlabl><attalias Sync="TRUE">OLD_FAC_SE</attalias><attrtype Sync="TRUE">Double</attrtype><attwidth Sync="TRUE">19</attwidth><atprecis Sync="TRUE">0</atprecis><attscale Sync="TRUE">0</attscale><attrdef>OLD_FAC_SEQ_NUM
Legacy facility sequence number as a unique identifier</attrdef><attrdefs>Public Utilities Department</attrdefs></attr><attr><attrlabl Sync="TRUE">DRAWG_SHEE</attrlabl><attalias Sync="TRUE">DRAWG_SHEE</attalias><attrtype Sync="TRUE">Integer</attrtype><attwidth Sync="TRUE">10</attwidth><atprecis Sync="TRUE">10</atprecis><attscale Sync="TRUE">0</attscale><attrdef>DRAWG_SHEET_NUM   
Identifies the drawing sheet number associated with each asset</attrdef><attrdefs>Public Utilities Department</attrdefs></attr><attr><attrlabl Sync="TRUE">DRAWG_TYP_</attrlabl><attalias Sync="TRUE">DRAWG_TYP_</attalias><attrtype Sync="TRUE">String</attrtype><attwidth Sync="TRUE">3</attwidth><atprecis Sync="TRUE">0</atprecis><attscale Sync="TRUE">0</attscale><attrdef>Coded value identifying the type of drawing associated with each asset

NULL:  Not attributed;
AD:  Right of Way Improvement Drawing for Alleys, or Water Lines and Drainage Lines;
B:  Right of Way Improvement Drawing for Easements, Streets or Roads, and Sewer Lines;
CL:  Right of Way Improvement Drawing for Paving and Curbs;
D:  Improvement Drawing;
L:  Old Improvement Drawing;
S:  Subdivision Drawing;
W:  Water Drawing;
XD:  Cross Reference Key for Drainage Lines</attrdef><attrdefs>Public Utilities Department</attrdefs></attr><attr><attrlabl Sync="TRUE">DRAWG_TYP1</attrlabl><attalias Sync="TRUE">DRAWG_TYP1</attalias><attrtype Sync="TRUE">String</attrtype><attwidth Sync="TRUE">25</attwidth><atprecis Sync="TRUE">0</atprecis><attscale Sync="TRUE">0</attscale><attrdef>DRAWG_TYP_CD_DESC
Descriptor of the type of drawing.  Not Attributed.

</attrdef><attrdefs>Public Utilities Department</attrdefs></attr><attr><attrlabl Sync="TRUE">Shape_STLe</attrlabl><attalias Sync="TRUE">Shape_STLe</attalias><attrtype Sync="TRUE">Double</attrtype><attwidth Sync="TRUE">19</attwidth><atprecis Sync="TRUE">0</atprecis><attscale Sync="TRUE">0</attscale></attr></detailed><overview><eaover>This dataset shows the distribiton of recycled water pipes (also known as reclaimed water mains) in the City of San Diego.  Data are attributed with locational information including XY coordinates, field book id, street address, street name, street suffix as well as textual description of the location.  Other attributes such as material type, gated community, sensitive lands indicators are used by field crew during for inspection and maintenance.  City of San Diego, Public Works Department identifies also documents the owning organization as well as the source of information used by the Asset Management-GIS section to digitize the feature.</eaover></overview></eainfo><mdLang><languageCode value="eng" Sync="TRUE"></languageCode><countryCode value="USA" Sync="TRUE"></countryCode></mdLang><mdHrLv><ScopeCd value="005" Sync="TRUE"></ScopeCd></mdHrLv><mdHrLvName Sync="TRUE">dataset</mdHrLvName><refSysInfo><RefSystem><refSysID><identCode code="2230" Sync="TRUE"></identCode><idCodeSpace Sync="TRUE">EPSG</idCodeSpace><idVersion Sync="TRUE">5.3(9.0.0)</idVersion></refSysID></RefSystem></refSysInfo><spatRepInfo><VectSpatRep><geometObjs Name="SD_City_Recycled_Water_Main_2018_10"><geoObjTyp><GeoObjTypCd value="002" Sync="TRUE"></GeoObjTypCd></geoObjTyp><geoObjCnt Sync="TRUE">2471</geoObjCnt></geometObjs><topLvl><TopoLevCd value="001" Sync="TRUE"></TopoLevCd></topLvl></VectSpatRep></spatRepInfo><spdoinfo><ptvctinf><esriterm Name="SD_City_Recycled_Water_Main_2018_10"><efeatyp Sync="TRUE">Simple</efeatyp><efeageom code="3" Sync="TRUE"></efeageom><esritopo Sync="TRUE">FALSE</esritopo><efeacnt Sync="TRUE">2471</efeacnt><spindex Sync="TRUE">TRUE</spindex><linrefer Sync="TRUE">FALSE</linrefer></esriterm></ptvctinf></spdoinfo><mdDateSt Sync="TRUE">20210312</mdDateSt></metadata>
