<?xml version="1.0" encoding="UTF-8"?>
<MD_Metadata xmlns="http://www.isotc211.org/2005/gmd" xmlns:gco="http://www.isotc211.org/2005/gco" xmlns:gts="http://www.isotc211.org/2005/gts" xmlns:srv="http://www.isotc211.org/2005/srv" xmlns:gml="http://www.opengis.net/gml" xmlns:xlink="http://www.w3.org/1999/xlink" xmlns:xsi="http://www.w3.org/2001/XMLSchema-instance">
	<fileIdentifier>
		<gco:CharacterString>266C203F-D5AB-4077-A486-ECA5DBB0CBA0</gco:CharacterString>
	</fileIdentifier>
	<language>
		<LanguageCode codeList="http://www.loc.gov/standards/iso639-2/php/code_list.php" codeListValue="eng" codeSpace="ISO639-2">eng</LanguageCode>
	</language>
	<characterSet>
		<MD_CharacterSetCode codeList="http://www.isotc211.org/2005/resources/Codelist/gmxCodelists.xml#MD_CharacterSetCode" codeListValue="utf8" codeSpace="ISOTC211/19115">utf8</MD_CharacterSetCode>
	</characterSet>
	<hierarchyLevel>
		<MD_ScopeCode codeList="http://www.isotc211.org/2005/resources/Codelist/gmxCodelists.xml#MD_ScopeCode" codeListValue="dataset" codeSpace="ISOTC211/19115">dataset</MD_ScopeCode>
	</hierarchyLevel>
	<hierarchyLevelName>
		<gco:CharacterString>dataset</gco:CharacterString>
	</hierarchyLevelName>
	<contact>
		<CI_ResponsibleParty>
			<organisationName>
				<gco:CharacterString>University of California, Santa Barbara. Map and Imagery Laboratory</gco:CharacterString>
			</organisationName>
			<contactInfo>
				<CI_Contact>
					<address>
						<CI_Address>
							<deliveryPoint>
								<gco:CharacterString>Davidson Library, UC Santa Barbara</gco:CharacterString>
							</deliveryPoint>
							<city>
								<gco:CharacterString>Santa Barbara</gco:CharacterString>
							</city>
							<administrativeArea>
								<gco:CharacterString>CA</gco:CharacterString>
							</administrativeArea>
							<postalCode>
								<gco:CharacterString>93106-9010</gco:CharacterString>
							</postalCode>
							<country>
								<Country codeList="http://www.iso.org/iso/country_codes/iso_3166_code_lists.htm" codeListValue="US" codeSpace="ISO3166-1">US</Country>
							</country>
						</CI_Address>
					</address>
				</CI_Contact>
			</contactInfo>
			<role>
				<CI_RoleCode codeList="http://www.isotc211.org/2005/resources/Codelist/gmxCodelists.xml#CI_RoleCode" codeListValue="processor" codeSpace="ISOTC211/19115">processor</CI_RoleCode>
			</role>
		</CI_ResponsibleParty>
	</contact>
	<contact>
		<CI_ResponsibleParty>
			<individualName>
				<gco:CharacterString>Ford, Anabel</gco:CharacterString>
			</individualName>
			<organisationName>
				<gco:CharacterString>University of California, Santa Barbara. MesoAmerican Research Center</gco:CharacterString>
			</organisationName>
			<positionName>
				<gco:CharacterString>Director</gco:CharacterString>
			</positionName>
			<contactInfo>
				<CI_Contact>
					<phone>
						<CI_Telephone>
							<voice>
								<gco:CharacterString>(805) 893-8191</gco:CharacterString>
							</voice>
							<facsimile>
								<gco:CharacterString>(805) 893-2790</gco:CharacterString>
							</facsimile>
						</CI_Telephone>
					</phone>
					<address>
						<CI_Address>
							<deliveryPoint>
								<gco:CharacterString>1044 North Hall, University of California</gco:CharacterString>
							</deliveryPoint>
							<city>
								<gco:CharacterString>Santa Barbara</gco:CharacterString>
							</city>
							<administrativeArea>
								<gco:CharacterString>CA</gco:CharacterString>
							</administrativeArea>
							<postalCode>
								<gco:CharacterString>93016-2150</gco:CharacterString>
							</postalCode>
							<country>
								<Country codeList="http://www.iso.org/iso/country_codes/iso_3166_code_lists.htm" codeListValue="US" codeSpace="ISO3166-1">US</Country>
							</country>
							<electronicMailAddress>
								<gco:CharacterString>ford@marc.ucsb.edu</gco:CharacterString>
							</electronicMailAddress>
						</CI_Address>
					</address>
				</CI_Contact>
			</contactInfo>
			<role>
				<CI_RoleCode codeList="http://www.isotc211.org/2005/resources/Codelist/gmxCodelists.xml#CI_RoleCode" codeListValue="principalInvestigator" codeSpace="ISOTC211/19115">principalInvestigator</CI_RoleCode>
			</role>
		</CI_ResponsibleParty>
	</contact>
	<contact>
		<CI_ResponsibleParty>
			<individualName>
				<gco:CharacterString>Dr. Keith Clarke</gco:CharacterString>
			</individualName>
			<organisationName>
				<gco:CharacterString>National Center for Geographic Information &amp; Analysis</gco:CharacterString>
			</organisationName>
			<positionName>
				<gco:CharacterString>Director</gco:CharacterString>
			</positionName>
			<contactInfo>
				<CI_Contact>
					<phone>
						<CI_Telephone>
							<voice>
								<gco:CharacterString>(805) 893-7961</gco:CharacterString>
							</voice>
							<facsimile>
								<gco:CharacterString>(805) 893-3146</gco:CharacterString>
							</facsimile>
						</CI_Telephone>
					</phone>
					<address>
						<CI_Address>
							<deliveryPoint>
								<gco:CharacterString>Department of Geography University of California, Santa Barbara</gco:CharacterString>
							</deliveryPoint>
							<city>
								<gco:CharacterString>Santa Barbara</gco:CharacterString>
							</city>
							<administrativeArea>
								<gco:CharacterString>CA</gco:CharacterString>
							</administrativeArea>
							<postalCode>
								<gco:CharacterString>93106</gco:CharacterString>
							</postalCode>
							<country>
								<Country codeList="http://www.iso.org/iso/country_codes/iso_3166_code_lists.htm" codeListValue="US" codeSpace="ISO3166-1">US</Country>
							</country>
						</CI_Address>
					</address>
				</CI_Contact>
			</contactInfo>
			<role>
				<CI_RoleCode codeList="http://www.isotc211.org/2005/resources/Codelist/gmxCodelists.xml#CI_RoleCode" codeListValue="pointOfContact" codeSpace="ISOTC211/19115">pointOfContact</CI_RoleCode>
			</role>
		</CI_ResponsibleParty>
	</contact>
	<dateStamp>
		<gco:Date>2015-01-15</gco:Date>
	</dateStamp>
	<metadataStandardName>
		<gco:CharacterString>ISO 19139 Geographic Information - Metadata - Implementation Specification</gco:CharacterString>
	</metadataStandardName>
	<metadataStandardVersion>
		<gco:CharacterString>2007</gco:CharacterString>
	</metadataStandardVersion>
	<spatialRepresentationInfo>
		<MD_Georectified>
			<numberOfDimensions>
				<gco:Integer>2</gco:Integer>
			</numberOfDimensions>
			<axisDimensionProperties>
				<MD_Dimension>
					<dimensionName>
						<MD_DimensionNameTypeCode codeList="http://www.isotc211.org/2005/resources/Codelist/gmxCodelists.xml#MD_DimensionNameTypeCode" codeListValue="column" codeSpace="ISOTC211/19115">column</MD_DimensionNameTypeCode>
					</dimensionName>
					<dimensionSize>
						<gco:Integer>1049</gco:Integer>
					</dimensionSize>
					<resolution>
						<gco:Measure uom="Meter">903.781474</gco:Measure>
					</resolution>
				</MD_Dimension>
			</axisDimensionProperties>
			<axisDimensionProperties>
				<MD_Dimension>
					<dimensionName>
						<MD_DimensionNameTypeCode codeList="http://www.isotc211.org/2005/resources/Codelist/gmxCodelists.xml#MD_DimensionNameTypeCode" codeListValue="row" codeSpace="ISOTC211/19115">row</MD_DimensionNameTypeCode>
					</dimensionName>
					<dimensionSize>
						<gco:Integer>532</gco:Integer>
					</dimensionSize>
					<resolution>
						<gco:Measure uom="Meter">903.781474</gco:Measure>
					</resolution>
				</MD_Dimension>
			</axisDimensionProperties>
			<cellGeometry>
				<MD_CellGeometryCode codeList="http://www.isotc211.org/2005/resources/Codelist/gmxCodelists.xml#MD_CellGeometryCode" codeListValue="area" codeSpace="ISOTC211/19115">area</MD_CellGeometryCode>
			</cellGeometry>
			<transformationParameterAvailability>
				<gco:Boolean>true</gco:Boolean>
			</transformationParameterAvailability>
			<checkPointAvailability>
				<gco:Boolean>false</gco:Boolean>
			</checkPointAvailability>
			<cornerPoints>
				<gml:Point gml:id="ID0EHNAE">
					<gml:pos>-359032.077853 1750499.762586</gml:pos>
				</gml:Point>
			</cornerPoints>
			<cornerPoints>
				<gml:Point gml:id="ID0ENNAE">
					<gml:pos>-359032.077853 2231311.506598</gml:pos>
				</gml:Point>
			</cornerPoints>
			<cornerPoints>
				<gml:Point gml:id="ID0ETNAE">
					<gml:pos>589034.688066 2231311.506598</gml:pos>
				</gml:Point>
			</cornerPoints>
			<cornerPoints>
				<gml:Point gml:id="ID0EZNAE">
					<gml:pos>589034.688066 1750499.762586</gml:pos>
				</gml:Point>
			</cornerPoints>
			<centerPoint>
				<gml:Point gml:id="ID0E6NAE">
					<gml:pos>115001.305107 1990905.634592</gml:pos>
				</gml:Point>
			</centerPoint>
			<pointInPixel>
				<MD_PixelOrientationCode>center</MD_PixelOrientationCode>
			</pointInPixel>
		</MD_Georectified>
	</spatialRepresentationInfo>
	<referenceSystemInfo>
		<MD_ReferenceSystem>
			<referenceSystemIdentifier>
				<RS_Identifier>
					<code>
						<gco:CharacterString>32616</gco:CharacterString>
					</code>
					<codeSpace>
						<gco:CharacterString>EPSG</gco:CharacterString>
					</codeSpace>
					<version>
						<gco:CharacterString>8.2.6</gco:CharacterString>
					</version>
				</RS_Identifier>
			</referenceSystemIdentifier>
		</MD_ReferenceSystem>
	</referenceSystemInfo>
	<identificationInfo>
		<MD_DataIdentification>
			<citation>
				<CI_Citation>
					<title>
						<gco:CharacterString>Digital Elevation Model, Maya Forest, Guatemala-Belize-Mexico, 2000</gco:CharacterString>
					</title>
					<date>
						<CI_Date>
							<date>
								<gco:Date>2000-01-01</gco:Date>
							</date>
							<dateType>
								<CI_DateTypeCode codeList="http://www.isotc211.org/2005/resources/Codelist/gmxCodelists.xml#CI_DateTypeCode" codeListValue="creation" codeSpace="ISOTC211/19115">creation</CI_DateTypeCode>
							</dateType>
						</CI_Date>
					</date>
					<citedResponsibleParty>
						<CI_ResponsibleParty>
							<organisationName>
								<gco:CharacterString>EROS Data Center</gco:CharacterString>
							</organisationName>
							<contactInfo>
								<CI_Contact>
									<phone>
										<CI_Telephone>
											<voice>
												<gco:CharacterString>(800) 252-4547</gco:CharacterString>
											</voice>
										</CI_Telephone>
									</phone>
									<address>
										<CI_Address>
											<deliveryPoint>
												<gco:CharacterString>47914 252nd Street</gco:CharacterString>
											</deliveryPoint>
											<city>
												<gco:CharacterString>Sioux Falls</gco:CharacterString>
											</city>
											<administrativeArea>
												<gco:CharacterString>SD</gco:CharacterString>
											</administrativeArea>
											<postalCode>
												<gco:CharacterString>57198-0001</gco:CharacterString>
											</postalCode>
											<country>
												<Country codeList="http://www.iso.org/iso/country_codes/iso_3166_code_lists.htm" codeListValue="US" codeSpace="ISO3166-1">US</Country>
											</country>
											<electronicMailAddress>
												<gco:CharacterString>custserv@usgs.gov</gco:CharacterString>
											</electronicMailAddress>
										</CI_Address>
									</address>
								</CI_Contact>
							</contactInfo>
							<role>
								<CI_RoleCode codeList="http://www.isotc211.org/2005/resources/Codelist/gmxCodelists.xml#CI_RoleCode" codeListValue="originator" codeSpace="ISOTC211/19115">originator</CI_RoleCode>
							</role>
						</CI_ResponsibleParty>
					</citedResponsibleParty>
					<citedResponsibleParty>
						<CI_ResponsibleParty>
							<individualName>
								<gco:CharacterString>Ford, Anabel</gco:CharacterString>
							</individualName>
							<organisationName>
								<gco:CharacterString>University of California, Santa Barbara. MesoAmerican Research Center</gco:CharacterString>
							</organisationName>
							<positionName>
								<gco:CharacterString>Director</gco:CharacterString>
							</positionName>
							<contactInfo>
								<CI_Contact>
									<phone>
										<CI_Telephone>
											<voice>
												<gco:CharacterString>(805) 893-8191</gco:CharacterString>
											</voice>
											<facsimile>
												<gco:CharacterString>(805) 893-2790</gco:CharacterString>
											</facsimile>
										</CI_Telephone>
									</phone>
									<address>
										<CI_Address>
											<deliveryPoint>
												<gco:CharacterString>1044 North Hall, University of California</gco:CharacterString>
											</deliveryPoint>
											<city>
												<gco:CharacterString>Santa Barbara</gco:CharacterString>
											</city>
											<administrativeArea>
												<gco:CharacterString>CA</gco:CharacterString>
											</administrativeArea>
											<postalCode>
												<gco:CharacterString>93016-2150</gco:CharacterString>
											</postalCode>
											<country>
												<Country codeList="http://www.iso.org/iso/country_codes/iso_3166_code_lists.htm" codeListValue="US" codeSpace="ISO3166-1">US</Country>
											</country>
											<electronicMailAddress>
												<gco:CharacterString>ford@marc.ucsb.edu</gco:CharacterString>
											</electronicMailAddress>
										</CI_Address>
									</address>
								</CI_Contact>
							</contactInfo>
							<role>
								<CI_RoleCode codeList="http://www.isotc211.org/2005/resources/Codelist/gmxCodelists.xml#CI_RoleCode" codeListValue="publisher" codeSpace="ISOTC211/19115">publisher</CI_RoleCode>
							</role>
						</CI_ResponsibleParty>
					</citedResponsibleParty>
					<citedResponsibleParty>
						<CI_ResponsibleParty>
							<organisationName>
								<gco:CharacterString>University of California, Santa Barbara. Map and Imagery Laboratory</gco:CharacterString>
							</organisationName>
							<contactInfo>
								<CI_Contact>
									<address>
										<CI_Address>
											<deliveryPoint>
												<gco:CharacterString>Davidson Library, UC Santa Barbara</gco:CharacterString>
											</deliveryPoint>
											<city>
												<gco:CharacterString>Santa Barbara</gco:CharacterString>
											</city>
											<administrativeArea>
												<gco:CharacterString>CA</gco:CharacterString>
											</administrativeArea>
											<postalCode>
												<gco:CharacterString>93106-9010</gco:CharacterString>
											</postalCode>
											<country>
												<Country codeList="http://www.iso.org/iso/country_codes/iso_3166_code_lists.htm" codeListValue="US" codeSpace="ISO3166-1">US</Country>
											</country>
										</CI_Address>
									</address>
								</CI_Contact>
							</contactInfo>
							<role>
								<CI_RoleCode codeList="http://www.isotc211.org/2005/resources/Codelist/gmxCodelists.xml#CI_RoleCode" codeListValue="custodian" codeSpace="ISOTC211/19115">custodian</CI_RoleCode>
							</role>
						</CI_ResponsibleParty>
					</citedResponsibleParty>
					<presentationForm>
						<CI_PresentationFormCode codeList="http://www.isotc211.org/2005/resources/Codelist/gmxCodelists.xml#CI_PresentationFormCode" codeListValue="mapDigital" codeSpace="ISOTC211/19115">mapDigital</CI_PresentationFormCode>
					</presentationForm>
					<collectiveTitle>
						<gco:CharacterString>Maya Forest GIS</gco:CharacterString>
					</collectiveTitle>
				</CI_Citation>
			</citation>
			<abstract>
				<gco:CharacterString>This Landsat 4 MSS image covers most of the Peten of Guatemala. There are four bands in the volume. Included in the file are the original bands as processed by EROS and a .img files which is a stacked image of the four bands. Also included is a .tif version of the stacked image. For more information, see the included HD and WO files.</gco:CharacterString>
			</abstract>
			<purpose>
				<gco:CharacterString>Supplemental elevation data for the Maya Forest Region.
The DEM can be displayed in ArcView if the Spatial Analyst Extention is loaded.
Pixel resolution is approximately 1km.</gco:CharacterString>
			</purpose>
			<credit>
				<gco:CharacterString>GTOPO30 global digital elevation model (DEM),  EROS Data Center, U.S. Department of
the Interior, U.S. Geological Survey.</gco:CharacterString>
			</credit>
			<status>
				<MD_ProgressCode codeList="http://www.isotc211.org/2005/resources/Codelist/gmxCodelists.xml#MD_ProgressCode" codeListValue="completed" codeSpace="ISOTC211/19115">completed</MD_ProgressCode>
			</status>
			<pointOfContact>
				<CI_ResponsibleParty>
					<individualName>
						<gco:CharacterString>Ford, Anabel</gco:CharacterString>
					</individualName>
					<organisationName>
						<gco:CharacterString>University of California, Santa Barbara. MesoAmerican Research Center</gco:CharacterString>
					</organisationName>
					<positionName>
						<gco:CharacterString>Director</gco:CharacterString>
					</positionName>
					<contactInfo>
						<CI_Contact>
							<phone>
								<CI_Telephone>
									<voice>
										<gco:CharacterString>(805) 893-8191</gco:CharacterString>
									</voice>
									<facsimile>
										<gco:CharacterString>(805) 893-2790</gco:CharacterString>
									</facsimile>
								</CI_Telephone>
							</phone>
							<address>
								<CI_Address>
									<deliveryPoint>
										<gco:CharacterString>1044 North Hall, University of California</gco:CharacterString>
									</deliveryPoint>
									<city>
										<gco:CharacterString>Santa Barbara</gco:CharacterString>
									</city>
									<administrativeArea>
										<gco:CharacterString>CA</gco:CharacterString>
									</administrativeArea>
									<postalCode>
										<gco:CharacterString>93016-2150</gco:CharacterString>
									</postalCode>
									<country>
										<Country codeList="http://www.iso.org/iso/country_codes/iso_3166_code_lists.htm" codeListValue="US" codeSpace="ISO3166-1">US</Country>
									</country>
									<electronicMailAddress>
										<gco:CharacterString>ford@marc.ucsb.edu</gco:CharacterString>
									</electronicMailAddress>
								</CI_Address>
							</address>
						</CI_Contact>
					</contactInfo>
					<role>
						<CI_RoleCode codeList="http://www.isotc211.org/2005/resources/Codelist/gmxCodelists.xml#CI_RoleCode" codeListValue="principalInvestigator" codeSpace="ISOTC211/19115">principalInvestigator</CI_RoleCode>
					</role>
				</CI_ResponsibleParty>
			</pointOfContact>
			<resourceMaintenance>
				<MD_MaintenanceInformation>
					<maintenanceAndUpdateFrequency>
						<MD_MaintenanceFrequencyCode codeList="http://www.isotc211.org/2005/resources/Codelist/gmxCodelists.xml#MD_MaintenanceFrequencyCode" codeListValue="unknown" codeSpace="ISOTC211/19115">unknown</MD_MaintenanceFrequencyCode>
					</maintenanceAndUpdateFrequency>
				</MD_MaintenanceInformation>
			</resourceMaintenance>
			<descriptiveKeywords>
				<MD_Keywords>
					<keyword>
						<gco:CharacterString>Petén (Guatemala : Department)</gco:CharacterString>
					</keyword>
					<keyword>
						<gco:CharacterString>Guatemala</gco:CharacterString>
					</keyword>
					<keyword>
						<gco:CharacterString>Belize</gco:CharacterString>
					</keyword>
					<keyword>
						<gco:CharacterString>Mexico</gco:CharacterString>
					</keyword>
					<type>
						<MD_KeywordTypeCode codeList="http://www.isotc211.org/2005/resources/Codelist/gmxCodelists.xml#MD_KeywordTypeCode" codeListValue="place" codeSpace="ISOTC211/19115">place</MD_KeywordTypeCode>
					</type>
					<thesaurusName>
						<CI_Citation>
							<title>
								<gco:CharacterString>naf</gco:CharacterString>
							</title>
							<date gco:nilReason="missing"/>
						</CI_Citation>
					</thesaurusName>
				</MD_Keywords>
			</descriptiveKeywords>
			<descriptiveKeywords>
				<MD_Keywords>
					<keyword>
						<gco:CharacterString>Maya Forest</gco:CharacterString>
					</keyword>
					<keyword>
						<gco:CharacterString>Digital elevation models</gco:CharacterString>
					</keyword>
					<type>
						<MD_KeywordTypeCode codeList="http://www.isotc211.org/2005/resources/Codelist/gmxCodelists.xml#MD_KeywordTypeCode" codeListValue="theme" codeSpace="ISOTC211/19115">theme</MD_KeywordTypeCode>
					</type>
					<thesaurusName>
						<CI_Citation>
							<title>
								<gco:CharacterString>lcsh</gco:CharacterString>
							</title>
							<date gco:nilReason="missing"/>
						</CI_Citation>
					</thesaurusName>
				</MD_Keywords>
			</descriptiveKeywords>
			<descriptiveKeywords>
				<MD_Keywords>
					<keyword>
						<gco:CharacterString>Downloadable Data</gco:CharacterString>
					</keyword>
					<thesaurusName uuidref="723f6998-058e-11dc-8314-0800200c9a66"/>
				</MD_Keywords>
			</descriptiveKeywords>
			<resourceConstraints>
				<MD_Constraints>
					<useLimitation>
						<gco:CharacterString>Acknowledgement of EROS Data Center should be given for any application of this data.</gco:CharacterString>
					</useLimitation>
				</MD_Constraints>
			</resourceConstraints>
			<aggregationInfo>
				<MD_AggregateInformation>
					<aggregateDataSetName>
						<CI_Citation>
							<title>
								<gco:CharacterString>Maya Forest GIS</gco:CharacterString>
							</title>
							<date gco:nilReason="missing"/>
						</CI_Citation>
					</aggregateDataSetName>
					<associationType>
						<DS_AssociationTypeCode codeList="http://www.isotc211.org/2005/resources/Codelist/gmxCodelists.xml#DS_AssociationTypeCode" codeListValue="largerWorkCitation" codeSpace="ISOTC211/19115">largerWorkCitation</DS_AssociationTypeCode>
					</associationType>
				</MD_AggregateInformation>
			</aggregationInfo>
			<spatialRepresentationType>
				<MD_SpatialRepresentationTypeCode codeList="http://www.isotc211.org/2005/resources/Codelist/gmxCodelists.xml#MD_SpatialRepresentationTypeCode" codeListValue="grid" codeSpace="ISOTC211/19115">grid</MD_SpatialRepresentationTypeCode>
			</spatialRepresentationType>
			<language>
				<LanguageCode codeList="http://www.loc.gov/standards/iso639-2/php/code_list.php" codeListValue="eng" codeSpace="ISO639-2">eng</LanguageCode>
			</language>
			<characterSet>
				<MD_CharacterSetCode codeList="http://www.isotc211.org/2005/resources/Codelist/gmxCodelists.xml#MD_CharacterSetCode" codeListValue="utf8" codeSpace="ISOTC211/19115">utf8</MD_CharacterSetCode>
			</characterSet>
			<topicCategory>
				<MD_TopicCategoryCode>elevation</MD_TopicCategoryCode>
			</topicCategory>
			<environmentDescription>
				<gco:CharacterString>Microsoft Windows 7 Version 6.1 (Build 7601) Service Pack 1; Esri ArcGIS 10.2.2.3552</gco:CharacterString>
			</environmentDescription>
			<extent>
				<EX_Extent>
					<geographicElement>
						<EX_GeographicBoundingBox>
							<extentTypeCode>
								<gco:Boolean>true</gco:Boolean>
							</extentTypeCode>
							<westBoundLongitude>
								<gco:Decimal>-95.189966</gco:Decimal>
							</westBoundLongitude>
							<eastBoundLongitude>
								<gco:Decimal>-86.147917</gco:Decimal>
							</eastBoundLongitude>
							<southBoundLatitude>
								<gco:Decimal>15.686159</gco:Decimal>
							</southBoundLatitude>
							<northBoundLatitude>
								<gco:Decimal>20.179198</gco:Decimal>
							</northBoundLatitude>
						</EX_GeographicBoundingBox>
					</geographicElement>
				</EX_Extent>
			</extent>
		</MD_DataIdentification>
	</identificationInfo>
	<contentInfo>
		<MD_ImageDescription>
			<attributeDescription gco:nilReason="missing"/>
			<contentType>
				<MD_CoverageContentTypeCode codeList="http://www.isotc211.org/2005/resources/Codelist/gmxCodelists.xml#MD_CoverageContentTypeCode" codeListValue="physicalMeasurement" codeSpace="ISOTC211/19115">physicalMeasurement</MD_CoverageContentTypeCode>
			</contentType>
			<dimension>
				<MD_Band>
					<descriptor>
						<gco:CharacterString>utm_mayatopo</gco:CharacterString>
					</descriptor>
					<maxValue>
						<gco:Real>3086</gco:Real>
					</maxValue>
					<minValue>
						<gco:Real>1</gco:Real>
					</minValue>
					<units>
						<gml:UnitDefinition gml:id="ID0AAAAAFAFA">
							<gml:identifier codeSpace="GML_UomSymbol">Unified Code of Units of Measure</gml:identifier>
						</gml:UnitDefinition>
					</units>
					<bitsPerValue>
						<gco:Integer>16</gco:Integer>
					</bitsPerValue>
				</MD_Band>
			</dimension>
			<triangulationIndicator>
				<gco:Boolean>false</gco:Boolean>
			</triangulationIndicator>
			<radiometricCalibrationDataAvailability>
				<gco:Boolean>false</gco:Boolean>
			</radiometricCalibrationDataAvailability>
			<cameraCalibrationInformationAvailability>
				<gco:Boolean>false</gco:Boolean>
			</cameraCalibrationInformationAvailability>
			<filmDistortionInformationAvailability>
				<gco:Boolean>false</gco:Boolean>
			</filmDistortionInformationAvailability>
			<lensDistortionInformationAvailability>
				<gco:Boolean>false</gco:Boolean>
			</lensDistortionInformationAvailability>
		</MD_ImageDescription>
	</contentInfo>
	<distributionInfo>
		<MD_Distribution>
			<distributionFormat>
				<MD_Format>
					<name>
						<gco:CharacterString>Raster Dataset</gco:CharacterString>
					</name>
					<version gco:nilReason="missing"/>
				</MD_Format>
			</distributionFormat>
			<distributor>
				<MD_Distributor>
					<distributorContact>
						<CI_ResponsibleParty>
							<individualName>
								<gco:CharacterString>Dr. Anabel Ford</gco:CharacterString>
							</individualName>
							<organisationName>
								<gco:CharacterString>MesoAmerican Research Center</gco:CharacterString>
							</organisationName>
							<positionName>
								<gco:CharacterString>Director</gco:CharacterString>
							</positionName>
							<contactInfo>
								<CI_Contact>
									<phone>
										<CI_Telephone>
											<voice>
												<gco:CharacterString>(805) 893-8191</gco:CharacterString>
											</voice>
											<facsimile>
												<gco:CharacterString>(805) 893-2790</gco:CharacterString>
											</facsimile>
										</CI_Telephone>
									</phone>
									<address>
										<CI_Address>
											<deliveryPoint>
												<gco:CharacterString>1044 North Hall, University of California</gco:CharacterString>
											</deliveryPoint>
											<city>
												<gco:CharacterString>Santa Barbara</gco:CharacterString>
											</city>
											<administrativeArea>
												<gco:CharacterString>CA</gco:CharacterString>
											</administrativeArea>
											<postalCode>
												<gco:CharacterString>93016-2150</gco:CharacterString>
											</postalCode>
											<country>
												<Country codeList="http://www.iso.org/iso/country_codes/iso_3166_code_lists.htm" codeListValue="US" codeSpace="ISO3166-1">US</Country>
											</country>
											<electronicMailAddress>
												<gco:CharacterString>ford@marc.ucsb.edu</gco:CharacterString>
											</electronicMailAddress>
										</CI_Address>
									</address>
								</CI_Contact>
							</contactInfo>
							<role>
								<CI_RoleCode codeList="http://www.isotc211.org/2005/resources/Codelist/gmxCodelists.xml#CI_RoleCode" codeListValue="principalInvestigator" codeSpace="ISOTC211/19115">principalInvestigator</CI_RoleCode>
							</role>
						</CI_ResponsibleParty>
					</distributorContact>
				</MD_Distributor>
			</distributor>
			<distributor>
				<MD_Distributor>
					<distributorContact>
						<CI_ResponsibleParty>
							<organisationName>
								<gco:CharacterString>University of California, Santa Barbara. Map and Imagery Laboratory</gco:CharacterString>
							</organisationName>
							<contactInfo>
								<CI_Contact>
									<address>
										<CI_Address>
											<deliveryPoint>
												<gco:CharacterString>Davidson Library, UC Santa Barbara</gco:CharacterString>
											</deliveryPoint>
											<city>
												<gco:CharacterString>Santa Barbara</gco:CharacterString>
											</city>
											<administrativeArea>
												<gco:CharacterString>CA</gco:CharacterString>
											</administrativeArea>
											<postalCode>
												<gco:CharacterString>93106-9010</gco:CharacterString>
											</postalCode>
											<country>
												<Country codeList="http://www.iso.org/iso/country_codes/iso_3166_code_lists.htm" codeListValue="US" codeSpace="ISO3166-1">US</Country>
											</country>
										</CI_Address>
									</address>
								</CI_Contact>
							</contactInfo>
							<role>
								<CI_RoleCode codeList="http://www.isotc211.org/2005/resources/Codelist/gmxCodelists.xml#CI_RoleCode" codeListValue="custodian" codeSpace="ISOTC211/19115">custodian</CI_RoleCode>
							</role>
						</CI_ResponsibleParty>
					</distributorContact>
				</MD_Distributor>
			</distributor>
		</MD_Distribution>
	</distributionInfo>
	<metadataMaintenance>
		<MD_MaintenanceInformation>
			<maintenanceAndUpdateFrequency>
				<MD_MaintenanceFrequencyCode codeList="http://www.isotc211.org/2005/resources/Codelist/gmxCodelists.xml#MD_MaintenanceFrequencyCode" codeListValue="asNeeded" codeSpace="ISOTC211/19115">asNeeded</MD_MaintenanceFrequencyCode>
			</maintenanceAndUpdateFrequency>
		</MD_MaintenanceInformation>
	</metadataMaintenance>
	<Esri xmlns=""><CreaDate>20150115</CreaDate><CreaTime>15335700</CreaTime><ArcGISstyle>ISO 19139 Metadata Implementation Specification</ArcGISstyle><SyncOnce>TRUE</SyncOnce><DataProperties><itemProps><itemLocation><linkage Sync="TRUE">file://\\svmwindows\mil\Projects\Maya Forest GIS\9 Collection\gford-20140000-010052_utm_mayatopo\gford-20140000-010052_utm_mayatopo-iso19139</linkage><protocol Sync="TRUE">Local Area Network</protocol></itemLocation></itemProps><copyHistory><copy source="Z:\Projects\Maya Forest GIS\8 Data_Metadata\2 CD-ROMs\DISK-1\Base\topo\gford-20140000-010052_utm_mayatopo-iso19139" dest="\\svmwindows\mil\Projects\Maya Forest GIS\9 Collection\gford-20140000-010052_utm_mayatopo\gford-20140000-010052_utm_mayatopo-iso19139" date="20150115" time="15335700"></copy></copyHistory></DataProperties></Esri></MD_Metadata>
