﻿<MD_Metadata xmlns="http://www.isotc211.org/2005/gmd" xmlns:gco="http://www.isotc211.org/2005/gco" xmlns:gts="http://www.isotc211.org/2005/gts" xmlns:srv="http://www.isotc211.org/2005/srv" xmlns:gml="http://www.opengis.net/gml" xmlns:xlink="http://www.w3.org/1999/xlink" xmlns:xsi="http://www.w3.org/2001/XMLSchema-instance">
  <fileIdentifier>
    <gco:CharacterString>C49E83CF-CCC2-4F7E-9C05-FBD79A91CE8D</gco:CharacterString>
  </fileIdentifier>
  <language>
    <LanguageCode codeList="http://www.loc.gov/standards/iso639-2/php/code_list.php" codeListValue="eng" codeSpace="ISO639-2">eng</LanguageCode>
  </language>
  <characterSet>
    <MD_CharacterSetCode codeList="http://www.isotc211.org/2005/resources/Codelist/gmxCodelists.xml#MD_CharacterSetCode" codeListValue="utf8" codeSpace="ISOTC211/19115">utf8</MD_CharacterSetCode>
  </characterSet>
  <hierarchyLevel>
    <MD_ScopeCode codeList="http://www.isotc211.org/2005/resources/Codelist/gmxCodelists.xml#MD_ScopeCode" codeListValue="dataset" codeSpace="ISOTC211/19115">dataset</MD_ScopeCode>
  </hierarchyLevel>
  <hierarchyLevelName>
    <gco:CharacterString>dataset</gco:CharacterString>
  </hierarchyLevelName>
  <contact>
    <CI_ResponsibleParty>
      <organisationName>
        <gco:CharacterString>University of Florida. GeoPlan Center</gco:CharacterString>
      </organisationName>
      <contactInfo>
        <CI_Contact>
          <address>
            <CI_Address>
              <deliveryPoint>
                <gco:CharacterString>PO Box 115706</gco:CharacterString>
              </deliveryPoint>
              <city>
                <gco:CharacterString>Gainesville</gco:CharacterString>
              </city>
              <administrativeArea>
                <gco:CharacterString>FL</gco:CharacterString>
              </administrativeArea>
              <postalCode>
                <gco:CharacterString>32611-5706</gco:CharacterString>
              </postalCode>
              <country>
                <Country codeList="http://www.iso.org/iso/country_codes/iso_3166_code_lists.htm" codeListValue="US" codeSpace="ISO3166-1">US</Country>
              </country>
            </CI_Address>
          </address>
        </CI_Contact>
      </contactInfo>
      <role>
        <CI_RoleCode codeList="http://www.isotc211.org/2005/resources/Codelist/gmxCodelists.xml#CI_RoleCode" codeListValue="originator" codeSpace="ISOTC211/19115">originator</CI_RoleCode>
      </role>
    </CI_ResponsibleParty>
  </contact>
  <contact>
    <CI_ResponsibleParty>
      <organisationName>
        <gco:CharacterString>University of California, Santa Barbara. Map and Imagery Laboratory</gco:CharacterString>
      </organisationName>
      <contactInfo>
        <CI_Contact>
          <address>
            <CI_Address>
              <deliveryPoint>
                <gco:CharacterString>Davidson Library, UC Santa Barbara</gco:CharacterString>
              </deliveryPoint>
              <city>
                <gco:CharacterString>Santa Barbara</gco:CharacterString>
              </city>
              <administrativeArea>
                <gco:CharacterString>CA</gco:CharacterString>
              </administrativeArea>
              <postalCode>
                <gco:CharacterString>93106-9010</gco:CharacterString>
              </postalCode>
              <country>
                <Country codeList="http://www.iso.org/iso/country_codes/iso_3166_code_lists.htm" codeListValue="US" codeSpace="ISO3166-1">US</Country>
              </country>
            </CI_Address>
          </address>
        </CI_Contact>
      </contactInfo>
      <role>
        <CI_RoleCode codeList="http://www.isotc211.org/2005/resources/Codelist/gmxCodelists.xml#CI_RoleCode" codeListValue="processor" codeSpace="ISOTC211/19115">processor</CI_RoleCode>
      </role>
    </CI_ResponsibleParty>
  </contact>
  <contact>
    <CI_ResponsibleParty>
      <individualName>
        <gco:CharacterString>Dr. Keith Clarke</gco:CharacterString>
      </individualName>
      <organisationName>
        <gco:CharacterString>National Center for Geographic Information &amp; Analysis</gco:CharacterString>
      </organisationName>
      <positionName>
        <gco:CharacterString>Director</gco:CharacterString>
      </positionName>
      <contactInfo>
        <CI_Contact>
          <phone>
            <CI_Telephone>
              <voice>
                <gco:CharacterString>(805) 893-7961</gco:CharacterString>
              </voice>
              <facsimile>
                <gco:CharacterString>(805) 893-3146</gco:CharacterString>
              </facsimile>
            </CI_Telephone>
          </phone>
          <address>
            <CI_Address>
              <deliveryPoint>
                <gco:CharacterString>Department of Geography University of California, Santa Barbara</gco:CharacterString>
              </deliveryPoint>
              <city>
                <gco:CharacterString>Santa Barbara</gco:CharacterString>
              </city>
              <administrativeArea>
                <gco:CharacterString>CA</gco:CharacterString>
              </administrativeArea>
              <postalCode>
                <gco:CharacterString>93106</gco:CharacterString>
              </postalCode>
              <country>
                <Country codeList="http://www.iso.org/iso/country_codes/iso_3166_code_lists.htm" codeListValue="US" codeSpace="ISO3166-1">US</Country>
              </country>
            </CI_Address>
          </address>
        </CI_Contact>
      </contactInfo>
      <role>
        <CI_RoleCode codeList="http://www.isotc211.org/2005/resources/Codelist/gmxCodelists.xml#CI_RoleCode" codeListValue="pointOfContact" codeSpace="ISOTC211/19115">pointOfContact</CI_RoleCode>
      </role>
    </CI_ResponsibleParty>
  </contact>
  <dateStamp>
    <gco:Date>2015-02-24</gco:Date>
  </dateStamp>
  <metadataStandardName>
    <gco:CharacterString>ISO 19139 Geographic Information - Metadata - Implementation Specification</gco:CharacterString>
  </metadataStandardName>
  <metadataStandardVersion>
    <gco:CharacterString>2007</gco:CharacterString>
  </metadataStandardVersion>
  <spatialRepresentationInfo>
    <MD_VectorSpatialRepresentation>
      <topologyLevel>
        <MD_TopologyLevelCode codeList="http://www.isotc211.org/2005/resources/Codelist/gmxCodelists.xml#MD_TopologyLevelCode" codeListValue="geometryOnly" codeSpace="ISOTC211/19115">geometryOnly</MD_TopologyLevelCode>
      </topologyLevel>
      <geometricObjects>
        <MD_GeometricObjects>
          <geometricObjectType>
            <MD_GeometricObjectTypeCode codeList="http://www.isotc211.org/2005/resources/Codelist/gmxCodelists.xml#MD_GeometricObjectTypeCode" codeListValue="point" codeSpace="ISOTC211/19115">point</MD_GeometricObjectTypeCode>
          </geometricObjectType>
          <geometricObjectCount>
            <gco:Integer>530</gco:Integer>
          </geometricObjectCount>
        </MD_GeometricObjects>
      </geometricObjects>
    </MD_VectorSpatialRepresentation>
  </spatialRepresentationInfo>
  <referenceSystemInfo>
    <MD_ReferenceSystem>
      <referenceSystemIdentifier>
        <RS_Identifier>
          <code>
            <gco:CharacterString>26716</gco:CharacterString>
          </code>
          <codeSpace>
            <gco:CharacterString>EPSG</gco:CharacterString>
          </codeSpace>
          <version>
            <gco:CharacterString>8.2.6</gco:CharacterString>
          </version>
        </RS_Identifier>
      </referenceSystemIdentifier>
    </MD_ReferenceSystem>
  </referenceSystemInfo>
  <identificationInfo>
    <MD_DataIdentification>
      <citation>
        <CI_Citation>
          <title>
            <gco:CharacterString>Archeological Sites, Maya Forest, Guatemala-Belize-Mexico, 1995</gco:CharacterString>
          </title>
          <date>
            <CI_Date>
              <date>
                <gco:Date>1995-08-01</gco:Date>
              </date>
              <dateType>
                <CI_DateTypeCode codeList="http://www.isotc211.org/2005/resources/Codelist/gmxCodelists.xml#CI_DateTypeCode" codeListValue="publication" codeSpace="ISOTC211/19115">publication</CI_DateTypeCode>
              </dateType>
            </CI_Date>
          </date>
          <citedResponsibleParty>
            <CI_ResponsibleParty>
              <organisationName>
                <gco:CharacterString>University of Florida. GeoPlan Center</gco:CharacterString>
              </organisationName>
              <contactInfo>
                <CI_Contact>
                  <address>
                    <CI_Address>
                      <deliveryPoint>
                        <gco:CharacterString>PO Box 115706</gco:CharacterString>
                      </deliveryPoint>
                      <city>
                        <gco:CharacterString>Gainesville</gco:CharacterString>
                      </city>
                      <administrativeArea>
                        <gco:CharacterString>FL</gco:CharacterString>
                      </administrativeArea>
                      <postalCode>
                        <gco:CharacterString>32611-5706</gco:CharacterString>
                      </postalCode>
                      <country>
                        <Country codeList="http://www.iso.org/iso/country_codes/iso_3166_code_lists.htm" codeListValue="US" codeSpace="ISO3166-1">US</Country>
                      </country>
                    </CI_Address>
                  </address>
                </CI_Contact>
              </contactInfo>
              <role>
                <CI_RoleCode codeList="http://www.isotc211.org/2005/resources/Codelist/gmxCodelists.xml#CI_RoleCode" codeListValue="originator" codeSpace="ISOTC211/19115">originator</CI_RoleCode>
              </role>
            </CI_ResponsibleParty>
          </citedResponsibleParty>
          <citedResponsibleParty>
            <CI_ResponsibleParty>
              <organisationName>
                <gco:CharacterString>University of Florida. GeoPlan Center</gco:CharacterString>
              </organisationName>
              <contactInfo>
                <CI_Contact>
                  <address>
                    <CI_Address>
                      <deliveryPoint>
                        <gco:CharacterString>PO Box 115706</gco:CharacterString>
                      </deliveryPoint>
                      <city>
                        <gco:CharacterString>Gainesville</gco:CharacterString>
                      </city>
                      <administrativeArea>
                        <gco:CharacterString>FL</gco:CharacterString>
                      </administrativeArea>
                      <postalCode>
                        <gco:CharacterString>32611-5706</gco:CharacterString>
                      </postalCode>
                      <country>
                        <Country codeList="http://www.iso.org/iso/country_codes/iso_3166_code_lists.htm" codeListValue="US" codeSpace="ISO3166-1">US</Country>
                      </country>
                    </CI_Address>
                  </address>
                </CI_Contact>
              </contactInfo>
              <role>
                <CI_RoleCode codeList="http://www.isotc211.org/2005/resources/Codelist/gmxCodelists.xml#CI_RoleCode" codeListValue="publisher" codeSpace="ISOTC211/19115">publisher</CI_RoleCode>
              </role>
            </CI_ResponsibleParty>
          </citedResponsibleParty>
          <citedResponsibleParty>
            <CI_ResponsibleParty>
              <organisationName>
                <gco:CharacterString>University of California, Santa Barbara. Map and Imagery Laboratory</gco:CharacterString>
              </organisationName>
              <contactInfo>
                <CI_Contact>
                  <address>
                    <CI_Address>
                      <deliveryPoint>
                        <gco:CharacterString>Davidson Library, UC Santa Barbara</gco:CharacterString>
                      </deliveryPoint>
                      <city>
                        <gco:CharacterString>Santa Barbara</gco:CharacterString>
                      </city>
                      <administrativeArea>
                        <gco:CharacterString>CA</gco:CharacterString>
                      </administrativeArea>
                      <postalCode>
                        <gco:CharacterString>93106-9010</gco:CharacterString>
                      </postalCode>
                      <country>
                        <Country codeList="http://www.iso.org/iso/country_codes/iso_3166_code_lists.htm" codeListValue="US" codeSpace="ISO3166-1">US</Country>
                      </country>
                    </CI_Address>
                  </address>
                </CI_Contact>
              </contactInfo>
              <role>
                <CI_RoleCode codeList="http://www.isotc211.org/2005/resources/Codelist/gmxCodelists.xml#CI_RoleCode" codeListValue="custodian" codeSpace="ISOTC211/19115">custodian</CI_RoleCode>
              </role>
            </CI_ResponsibleParty>
          </citedResponsibleParty>
          <presentationForm>
            <CI_PresentationFormCode codeList="http://www.isotc211.org/2005/resources/Codelist/gmxCodelists.xml#CI_PresentationFormCode" codeListValue="mapDigital" codeSpace="ISOTC211/19115">mapDigital</CI_PresentationFormCode>
          </presentationForm>
          <collectiveTitle>
            <gco:CharacterString>Maya Forest GIS</gco:CharacterString>
          </collectiveTitle>
        </CI_Citation>
      </citation>
      <abstract>
        <gco:CharacterString>This is a digital database of the Maya Forest Region of Mexico, Guatemala, and Belize. Coverages presented here are ArcView Shape files. The projection is UTM Zone 16, using the NAD 1927 datum and the Clarke 1866 spheroid. This coverage contains point locations and names for 530 archaeological sites identified from various sources for the project area.</gco:CharacterString>
      </abstract>
      <purpose>
        <gco:CharacterString>To preserve biological diversity in Central America by improving stewardship of the region's protected areas and by expanding them to include unprotected wildlands and by restoring degraded areas that link the fragmented wildlands and isthmus. The data was gathered in a larger context to demonstrate the relationship of the Region and adjacent regions, to facilitate the identification of potential biological connections between the protected areas of the Maya Forest and those in adjacent regions, and to focus on ecological boundaries (not political boundaries).</gco:CharacterString>
      </purpose>
      <status>
        <MD_ProgressCode codeList="http://www.isotc211.org/2005/resources/Codelist/gmxCodelists.xml#MD_ProgressCode" codeListValue="completed" codeSpace="ISOTC211/19115">completed</MD_ProgressCode>
      </status>
      <pointOfContact>
        <CI_ResponsibleParty>
          <organisationName>
            <gco:CharacterString>University of Florida. GeoPlan Center</gco:CharacterString>
          </organisationName>
          <contactInfo>
            <CI_Contact>
              <address>
                <CI_Address>
                  <deliveryPoint>
                    <gco:CharacterString>PO Box 115706</gco:CharacterString>
                  </deliveryPoint>
                  <city>
                    <gco:CharacterString>Gainesville</gco:CharacterString>
                  </city>
                  <administrativeArea>
                    <gco:CharacterString>FL</gco:CharacterString>
                  </administrativeArea>
                  <postalCode>
                    <gco:CharacterString>32611-5706</gco:CharacterString>
                  </postalCode>
                  <country>
                    <Country codeList="http://www.iso.org/iso/country_codes/iso_3166_code_lists.htm" codeListValue="US" codeSpace="ISO3166-1">US</Country>
                  </country>
                </CI_Address>
              </address>
            </CI_Contact>
          </contactInfo>
          <role>
            <CI_RoleCode codeList="http://www.isotc211.org/2005/resources/Codelist/gmxCodelists.xml#CI_RoleCode" codeListValue="originator" codeSpace="ISOTC211/19115">originator</CI_RoleCode>
          </role>
        </CI_ResponsibleParty>
      </pointOfContact>
      <pointOfContact>
        <CI_ResponsibleParty>
          <individualName>
            <gco:CharacterString>Dr. Anabel Ford</gco:CharacterString>
          </individualName>
          <organisationName>
            <gco:CharacterString>MesoAmerican Research Center</gco:CharacterString>
          </organisationName>
          <positionName>
            <gco:CharacterString>Director</gco:CharacterString>
          </positionName>
          <contactInfo>
            <CI_Contact>
              <phone>
                <CI_Telephone>
                  <voice>
                    <gco:CharacterString>(805) 893-8191</gco:CharacterString>
                  </voice>
                  <facsimile>
                    <gco:CharacterString>(805) 893-2790</gco:CharacterString>
                  </facsimile>
                </CI_Telephone>
              </phone>
              <address>
                <CI_Address>
                  <deliveryPoint>
                    <gco:CharacterString>1044 North Hall, University of California</gco:CharacterString>
                  </deliveryPoint>
                  <city>
                    <gco:CharacterString>Santa Barbara</gco:CharacterString>
                  </city>
                  <administrativeArea>
                    <gco:CharacterString>CA</gco:CharacterString>
                  </administrativeArea>
                  <postalCode>
                    <gco:CharacterString>93016-2150</gco:CharacterString>
                  </postalCode>
                  <country>
                    <Country codeList="http://www.iso.org/iso/country_codes/iso_3166_code_lists.htm" codeListValue="US" codeSpace="ISO3166-1">US</Country>
                  </country>
                  <electronicMailAddress>
                    <gco:CharacterString>ford@marc.ucsb.edu</gco:CharacterString>
                  </electronicMailAddress>
                </CI_Address>
              </address>
            </CI_Contact>
          </contactInfo>
          <role>
            <CI_RoleCode codeList="http://www.isotc211.org/2005/resources/Codelist/gmxCodelists.xml#CI_RoleCode" codeListValue="principalInvestigator" codeSpace="ISOTC211/19115">principalInvestigator</CI_RoleCode>
          </role>
        </CI_ResponsibleParty>
      </pointOfContact>
      <resourceMaintenance>
        <MD_MaintenanceInformation>
          <maintenanceAndUpdateFrequency>
            <MD_MaintenanceFrequencyCode codeList="http://www.isotc211.org/2005/resources/Codelist/gmxCodelists.xml#MD_MaintenanceFrequencyCode" codeListValue="unknown" codeSpace="ISOTC211/19115">unknown</MD_MaintenanceFrequencyCode>
          </maintenanceAndUpdateFrequency>
        </MD_MaintenanceInformation>
      </resourceMaintenance>
      <descriptiveKeywords>
        <MD_Keywords>
          <keyword>
            <gco:CharacterString>Petén (Guatemala : Department)</gco:CharacterString>
          </keyword>
          <keyword>
            <gco:CharacterString>Guatemala</gco:CharacterString>
          </keyword>
          <keyword>
            <gco:CharacterString>Belize</gco:CharacterString>
          </keyword>
          <keyword>
            <gco:CharacterString>Mexico</gco:CharacterString>
          </keyword>
          <type>
            <MD_KeywordTypeCode codeList="http://www.isotc211.org/2005/resources/Codelist/gmxCodelists.xml#MD_KeywordTypeCode" codeListValue="place" codeSpace="ISOTC211/19115">place</MD_KeywordTypeCode>
          </type>
          <thesaurusName>
            <CI_Citation>
              <title>
                <gco:CharacterString>naf</gco:CharacterString>
              </title>
              <date gco:nilReason="missing" />
            </CI_Citation>
          </thesaurusName>
        </MD_Keywords>
      </descriptiveKeywords>
      <descriptiveKeywords>
        <MD_Keywords>
          <keyword>
            <gco:CharacterString>Archaeological site location</gco:CharacterString>
          </keyword>
          <keyword>
            <gco:CharacterString>Maya Forest</gco:CharacterString>
          </keyword>
          <type>
            <MD_KeywordTypeCode codeList="http://www.isotc211.org/2005/resources/Codelist/gmxCodelists.xml#MD_KeywordTypeCode" codeListValue="theme" codeSpace="ISOTC211/19115">theme</MD_KeywordTypeCode>
          </type>
          <thesaurusName>
            <CI_Citation>
              <title>
                <gco:CharacterString>lcsh</gco:CharacterString>
              </title>
              <date gco:nilReason="missing" />
            </CI_Citation>
          </thesaurusName>
        </MD_Keywords>
      </descriptiveKeywords>
      <descriptiveKeywords>
        <MD_Keywords>
          <keyword>
            <gco:CharacterString>Downloadable Data</gco:CharacterString>
          </keyword>
          <thesaurusName uuidref="723f6998-058e-11dc-8314-0800200c9a66" />
        </MD_Keywords>
      </descriptiveKeywords>
      <resourceConstraints>
        <MD_Constraints>
          <useLimitation>
            <gco:CharacterString>Please acknowledge the University of Florida, the Paseo Pantera Consortium, and the US Agency for International Development in any derived data product, reports or publications</gco:CharacterString>
          </useLimitation>
        </MD_Constraints>
      </resourceConstraints>
      <aggregationInfo>
        <MD_AggregateInformation>
          <aggregateDataSetName>
            <CI_Citation>
              <title>
                <gco:CharacterString>Maya Forest GIS</gco:CharacterString>
              </title>
              <date gco:nilReason="missing" />
            </CI_Citation>
          </aggregateDataSetName>
          <associationType>
            <DS_AssociationTypeCode codeList="http://www.isotc211.org/2005/resources/Codelist/gmxCodelists.xml#DS_AssociationTypeCode" codeListValue="largerWorkCitation" codeSpace="ISOTC211/19115">largerWorkCitation</DS_AssociationTypeCode>
          </associationType>
        </MD_AggregateInformation>
      </aggregationInfo>
      <aggregationInfo>
        <MD_AggregateInformation>
          <aggregateDataSetName>
            <CI_Citation>
              <title>
                <gco:CharacterString>Digital Geographic Database, Maya Forest Region</gco:CharacterString>
              </title>
              <date gco:nilReason="missing" />
            </CI_Citation>
          </aggregateDataSetName>
          <associationType>
            <DS_AssociationTypeCode codeList="http://www.isotc211.org/2005/resources/Codelist/gmxCodelists.xml#DS_AssociationTypeCode" codeListValue="largerWorkCitation" codeSpace="ISOTC211/19115">largerWorkCitation</DS_AssociationTypeCode>
          </associationType>
        </MD_AggregateInformation>
      </aggregationInfo>
      <spatialRepresentationType>
        <MD_SpatialRepresentationTypeCode codeList="http://www.isotc211.org/2005/resources/Codelist/gmxCodelists.xml#MD_SpatialRepresentationTypeCode" codeListValue="vector" codeSpace="ISOTC211/19115">vector</MD_SpatialRepresentationTypeCode>
      </spatialRepresentationType>
      <language>
        <LanguageCode codeList="http://www.loc.gov/standards/iso639-2/php/code_list.php" codeListValue="eng" codeSpace="ISO639-2">eng</LanguageCode>
      </language>
      <characterSet>
        <MD_CharacterSetCode codeList="http://www.isotc211.org/2005/resources/Codelist/gmxCodelists.xml#MD_CharacterSetCode" codeListValue="utf8" codeSpace="ISOTC211/19115">utf8</MD_CharacterSetCode>
      </characterSet>
      <topicCategory>
        <MD_TopicCategoryCode>society</MD_TopicCategoryCode>
      </topicCategory>
      <environmentDescription>
        <gco:CharacterString>Microsoft Windows 7 Version 6.1 (Build 7601) Service Pack 1; Esri ArcGIS 10.2.2.3552</gco:CharacterString>
      </environmentDescription>
      <extent>
        <EX_Extent>
          <geographicElement>
            <EX_GeographicBoundingBox>
              <extentTypeCode>
                <gco:Boolean>true</gco:Boolean>
              </extentTypeCode>
              <westBoundLongitude>
                <gco:Decimal>-93.947768</gco:Decimal>
              </westBoundLongitude>
              <eastBoundLongitude>
                <gco:Decimal>-86.764686</gco:Decimal>
              </eastBoundLongitude>
              <southBoundLatitude>
                <gco:Decimal>13.156171</gco:Decimal>
              </southBoundLatitude>
              <northBoundLatitude>
                <gco:Decimal>21.567248</gco:Decimal>
              </northBoundLatitude>
            </EX_GeographicBoundingBox>
          </geographicElement>
        </EX_Extent>
      </extent>
    </MD_DataIdentification>
  </identificationInfo>
  <distributionInfo>
    <MD_Distribution>
      <distributionFormat>
        <MD_Format>
          <name>
            <gco:CharacterString>Shapefile</gco:CharacterString>
          </name>
          <version gco:nilReason="missing" />
        </MD_Format>
      </distributionFormat>
      <distributor>
        <MD_Distributor>
          <distributorContact>
            <CI_ResponsibleParty>
              <individualName>
                <gco:CharacterString>Dr. Anabel Ford</gco:CharacterString>
              </individualName>
              <organisationName>
                <gco:CharacterString>MesoAmerican Research Center</gco:CharacterString>
              </organisationName>
              <positionName>
                <gco:CharacterString>Director</gco:CharacterString>
              </positionName>
              <contactInfo>
                <CI_Contact>
                  <phone>
                    <CI_Telephone>
                      <voice>
                        <gco:CharacterString>(805) 893-8191</gco:CharacterString>
                      </voice>
                      <facsimile>
                        <gco:CharacterString>(805) 893-2790</gco:CharacterString>
                      </facsimile>
                    </CI_Telephone>
                  </phone>
                  <address>
                    <CI_Address>
                      <deliveryPoint>
                        <gco:CharacterString>1044 North Hall, University of California</gco:CharacterString>
                      </deliveryPoint>
                      <city>
                        <gco:CharacterString>Santa Barbara</gco:CharacterString>
                      </city>
                      <administrativeArea>
                        <gco:CharacterString>CA</gco:CharacterString>
                      </administrativeArea>
                      <postalCode>
                        <gco:CharacterString>93016-2150</gco:CharacterString>
                      </postalCode>
                      <country>
                        <Country codeList="http://www.iso.org/iso/country_codes/iso_3166_code_lists.htm" codeListValue="US" codeSpace="ISO3166-1">US</Country>
                      </country>
                      <electronicMailAddress>
                        <gco:CharacterString>ford@marc.ucsb.edu</gco:CharacterString>
                      </electronicMailAddress>
                    </CI_Address>
                  </address>
                </CI_Contact>
              </contactInfo>
              <role>
                <CI_RoleCode codeList="http://www.isotc211.org/2005/resources/Codelist/gmxCodelists.xml#CI_RoleCode" codeListValue="principalInvestigator" codeSpace="ISOTC211/19115">principalInvestigator</CI_RoleCode>
              </role>
            </CI_ResponsibleParty>
          </distributorContact>
        </MD_Distributor>
      </distributor>
      <distributor>
        <MD_Distributor>
          <distributorContact>
            <CI_ResponsibleParty>
              <organisationName>
                <gco:CharacterString>University of California, Santa Barbara. Map and Imagery Laboratory</gco:CharacterString>
              </organisationName>
              <contactInfo>
                <CI_Contact>
                  <address>
                    <CI_Address>
                      <deliveryPoint>
                        <gco:CharacterString>Davidson Library, UC Santa Barbara</gco:CharacterString>
                      </deliveryPoint>
                      <city>
                        <gco:CharacterString>Santa Barbara</gco:CharacterString>
                      </city>
                      <administrativeArea>
                        <gco:CharacterString>CA</gco:CharacterString>
                      </administrativeArea>
                      <postalCode>
                        <gco:CharacterString>93106-9010</gco:CharacterString>
                      </postalCode>
                      <country>
                        <Country codeList="http://www.iso.org/iso/country_codes/iso_3166_code_lists.htm" codeListValue="US" codeSpace="ISO3166-1">US</Country>
                      </country>
                    </CI_Address>
                  </address>
                </CI_Contact>
              </contactInfo>
              <role>
                <CI_RoleCode codeList="http://www.isotc211.org/2005/resources/Codelist/gmxCodelists.xml#CI_RoleCode" codeListValue="custodian" codeSpace="ISOTC211/19115">custodian</CI_RoleCode>
              </role>
            </CI_ResponsibleParty>
          </distributorContact>
        </MD_Distributor>
      </distributor>
      <transferOptions>
        <MD_DigitalTransferOptions>
          <transferSize>
            <gco:Real>0.014</gco:Real>
          </transferSize>
        </MD_DigitalTransferOptions>
      </transferOptions>
    </MD_Distribution>
  </distributionInfo>
  <metadataMaintenance>
    <MD_MaintenanceInformation>
      <maintenanceAndUpdateFrequency>
        <MD_MaintenanceFrequencyCode codeList="http://www.isotc211.org/2005/resources/Codelist/gmxCodelists.xml#MD_MaintenanceFrequencyCode" codeListValue="asNeeded" codeSpace="ISOTC211/19115">asNeeded</MD_MaintenanceFrequencyCode>
      </maintenanceAndUpdateFrequency>
    </MD_MaintenanceInformation>
  </metadataMaintenance>
</MD_Metadata>