<?xml version="1.0" encoding="UTF-8"?>
<MD_Metadata xmlns="http://www.isotc211.org/2005/gmd" xmlns:gco="http://www.isotc211.org/2005/gco" xmlns:gts="http://www.isotc211.org/2005/gts" xmlns:srv="http://www.isotc211.org/2005/srv" xmlns:gml="http://www.opengis.net/gml" xmlns:xlink="http://www.w3.org/1999/xlink" xmlns:xsi="http://www.w3.org/2001/XMLSchema-instance">
	<fileIdentifier>
		<gco:CharacterString>EE26A0D5-D112-4441-AA5B-FD1E6E66E3D4</gco:CharacterString>
	</fileIdentifier>
	<language>
		<LanguageCode codeList="http://www.loc.gov/standards/iso639-2/php/code_list.php" codeListValue="eng" codeSpace="ISO639-2">eng</LanguageCode>
	</language>
	<characterSet>
		<MD_CharacterSetCode codeList="http://www.isotc211.org/2005/resources/Codelist/gmxCodelists.xml#MD_CharacterSetCode" codeListValue="utf8" codeSpace="ISOTC211/19115">utf8</MD_CharacterSetCode>
	</characterSet>
	<hierarchyLevel>
		<MD_ScopeCode codeList="http://www.isotc211.org/2005/resources/Codelist/gmxCodelists.xml#MD_ScopeCode" codeListValue="dataset" codeSpace="ISOTC211/19115">dataset</MD_ScopeCode>
	</hierarchyLevel>
	<hierarchyLevelName>
		<gco:CharacterString>dataset</gco:CharacterString>
	</hierarchyLevelName>
	<contact>
		<CI_ResponsibleParty>
			<individualName>
				<gco:CharacterString>Dr. Keith Clarke</gco:CharacterString>
			</individualName>
			<organisationName>
				<gco:CharacterString>National Center for Geographic Information &amp; Analysis</gco:CharacterString>
			</organisationName>
			<positionName>
				<gco:CharacterString>Director</gco:CharacterString>
			</positionName>
			<contactInfo>
				<CI_Contact>
					<phone>
						<CI_Telephone>
							<voice>
								<gco:CharacterString>(805) 893-7961</gco:CharacterString>
							</voice>
							<facsimile>
								<gco:CharacterString>(805) 893-3146</gco:CharacterString>
							</facsimile>
						</CI_Telephone>
					</phone>
					<address>
						<CI_Address>
							<deliveryPoint>
								<gco:CharacterString>Department of Geography University of California, Santa Barbara</gco:CharacterString>
							</deliveryPoint>
							<city>
								<gco:CharacterString>Santa Barbara</gco:CharacterString>
							</city>
							<administrativeArea>
								<gco:CharacterString>CA</gco:CharacterString>
							</administrativeArea>
							<postalCode>
								<gco:CharacterString>93106</gco:CharacterString>
							</postalCode>
							<country>
								<Country codeList="http://www.iso.org/iso/country_codes/iso_3166_code_lists.htm" codeListValue="US" codeSpace="ISO3166-1">US</Country>
							</country>
						</CI_Address>
					</address>
				</CI_Contact>
			</contactInfo>
			<role>
				<CI_RoleCode codeList="http://www.isotc211.org/2005/resources/Codelist/gmxCodelists.xml#CI_RoleCode" codeListValue="pointOfContact" codeSpace="ISOTC211/19115">pointOfContact</CI_RoleCode>
			</role>
		</CI_ResponsibleParty>
	</contact>
	<contact>
		<CI_ResponsibleParty>
			<organisationName>
				<gco:CharacterString>University of California, Santa Barbara. Map and Imagery Laboratory</gco:CharacterString>
			</organisationName>
			<contactInfo>
				<CI_Contact>
					<address>
						<CI_Address>
							<deliveryPoint>
								<gco:CharacterString>Davidson Library, UC Santa Barbara</gco:CharacterString>
							</deliveryPoint>
							<city>
								<gco:CharacterString>Santa Barbara</gco:CharacterString>
							</city>
							<administrativeArea>
								<gco:CharacterString>CA</gco:CharacterString>
							</administrativeArea>
							<postalCode>
								<gco:CharacterString>93106-9010</gco:CharacterString>
							</postalCode>
							<country>
								<Country codeList="http://www.iso.org/iso/country_codes/iso_3166_code_lists.htm" codeListValue="US" codeSpace="ISO3166-1">US</Country>
							</country>
						</CI_Address>
					</address>
				</CI_Contact>
			</contactInfo>
			<role>
				<CI_RoleCode codeList="http://www.isotc211.org/2005/resources/Codelist/gmxCodelists.xml#CI_RoleCode" codeListValue="processor" codeSpace="ISOTC211/19115">processor</CI_RoleCode>
			</role>
		</CI_ResponsibleParty>
	</contact>
	<dateStamp>
		<gco:Date>2015-01-21</gco:Date>
	</dateStamp>
	<metadataStandardName>
		<gco:CharacterString>ISO 19139 Geographic Information - Metadata - Implementation Specification</gco:CharacterString>
	</metadataStandardName>
	<metadataStandardVersion>
		<gco:CharacterString>2007</gco:CharacterString>
	</metadataStandardVersion>
	<spatialRepresentationInfo>
		<MD_Georectified>
			<numberOfDimensions>
				<gco:Integer>2</gco:Integer>
			</numberOfDimensions>
			<axisDimensionProperties>
				<MD_Dimension>
					<dimensionName>
						<MD_DimensionNameTypeCode codeList="http://www.isotc211.org/2005/resources/Codelist/gmxCodelists.xml#MD_DimensionNameTypeCode" codeListValue="column" codeSpace="ISOTC211/19115">column</MD_DimensionNameTypeCode>
					</dimensionName>
					<dimensionSize>
						<gco:Integer>8141</gco:Integer>
					</dimensionSize>
					<resolution>
						<gco:Measure uom="Meter">30.000000</gco:Measure>
					</resolution>
				</MD_Dimension>
			</axisDimensionProperties>
			<axisDimensionProperties>
				<MD_Dimension>
					<dimensionName>
						<MD_DimensionNameTypeCode codeList="http://www.isotc211.org/2005/resources/Codelist/gmxCodelists.xml#MD_DimensionNameTypeCode" codeListValue="row" codeSpace="ISOTC211/19115">row</MD_DimensionNameTypeCode>
					</dimensionName>
					<dimensionSize>
						<gco:Integer>3645</gco:Integer>
					</dimensionSize>
					<resolution>
						<gco:Measure uom="Meter">30.000000</gco:Measure>
					</resolution>
				</MD_Dimension>
			</axisDimensionProperties>
			<cellGeometry>
				<MD_CellGeometryCode codeList="http://www.isotc211.org/2005/resources/Codelist/gmxCodelists.xml#MD_CellGeometryCode" codeListValue="area" codeSpace="ISOTC211/19115">area</MD_CellGeometryCode>
			</cellGeometry>
			<transformationParameterAvailability>
				<gco:Boolean>true</gco:Boolean>
			</transformationParameterAvailability>
			<checkPointAvailability>
				<gco:Boolean>false</gco:Boolean>
			</checkPointAvailability>
			<cornerPoints>
				<gml:Point gml:id="ID0EVOAE">
					<gml:pos>27735.426437 1864698.663666</gml:pos>
				</gml:Point>
			</cornerPoints>
			<cornerPoints>
				<gml:Point gml:id="ID0E2OAE">
					<gml:pos>27735.426437 1974048.663666</gml:pos>
				</gml:Point>
			</cornerPoints>
			<cornerPoints>
				<gml:Point gml:id="ID0EBPAE">
					<gml:pos>271965.426437 1974048.663666</gml:pos>
				</gml:Point>
			</cornerPoints>
			<cornerPoints>
				<gml:Point gml:id="ID0EHPAE">
					<gml:pos>271965.426437 1864698.663666</gml:pos>
				</gml:Point>
			</cornerPoints>
			<centerPoint>
				<gml:Point gml:id="ID0ENPAE">
					<gml:pos>149850.426437 1919373.663666</gml:pos>
				</gml:Point>
			</centerPoint>
			<pointInPixel>
				<MD_PixelOrientationCode>center</MD_PixelOrientationCode>
			</pointInPixel>
		</MD_Georectified>
	</spatialRepresentationInfo>
	<referenceSystemInfo>
		<MD_ReferenceSystem>
			<referenceSystemIdentifier>
				<RS_Identifier>
					<code>
						<gco:CharacterString>0</gco:CharacterString>
					</code>
				</RS_Identifier>
			</referenceSystemIdentifier>
		</MD_ReferenceSystem>
	</referenceSystemInfo>
	<identificationInfo>
		<MD_DataIdentification>
			<citation>
				<CI_Citation>
					<title>
						<gco:CharacterString>Digital Elevation Model, Maya Forest, Guatemala, 2000</gco:CharacterString>
					</title>
					<alternateTitle>
						<gco:CharacterString>Maya Biosphere Reserve Digital Elevation Model</gco:CharacterString>
					</alternateTitle>
					<date>
						<CI_Date>
							<date>
								<gco:Date>2000-03-01</gco:Date>
							</date>
							<dateType>
								<CI_DateTypeCode codeList="http://www.isotc211.org/2005/resources/Codelist/gmxCodelists.xml#CI_DateTypeCode" codeListValue="publication" codeSpace="ISOTC211/19115">publication</CI_DateTypeCode>
							</dateType>
						</CI_Date>
					</date>
					<citedResponsibleParty>
						<CI_ResponsibleParty>
							<organisationName>
								<gco:CharacterString>Consejo Nacional de Áreas Protegidas (Guatemala)</gco:CharacterString>
							</organisationName>
							<contactInfo>
								<CI_Contact>
									<address>
										<CI_Address>
											<city>
												<gco:CharacterString>San Benito</gco:CharacterString>
											</city>
											<administrativeArea>
												<gco:CharacterString>Peten</gco:CharacterString>
											</administrativeArea>
											<country>
												<Country codeList="http://www.iso.org/iso/country_codes/iso_3166_code_lists.htm" codeListValue="GT" codeSpace="ISO3166-1">GT</Country>
											</country>
										</CI_Address>
									</address>
								</CI_Contact>
							</contactInfo>
							<role>
								<CI_RoleCode codeList="http://www.isotc211.org/2005/resources/Codelist/gmxCodelists.xml#CI_RoleCode" codeListValue="originator" codeSpace="ISOTC211/19115">originator</CI_RoleCode>
							</role>
						</CI_ResponsibleParty>
					</citedResponsibleParty>
					<citedResponsibleParty>
						<CI_ResponsibleParty>
							<organisationName>
								<gco:CharacterString>Consejo Nacional de Áreas Protegidas (Guatemala)</gco:CharacterString>
							</organisationName>
							<contactInfo>
								<CI_Contact>
									<address>
										<CI_Address>
											<city>
												<gco:CharacterString>San Benito</gco:CharacterString>
											</city>
											<administrativeArea>
												<gco:CharacterString>Peten</gco:CharacterString>
											</administrativeArea>
											<country>
												<Country codeList="http://www.iso.org/iso/country_codes/iso_3166_code_lists.htm" codeListValue="GT" codeSpace="ISO3166-1">GT</Country>
											</country>
										</CI_Address>
									</address>
								</CI_Contact>
							</contactInfo>
							<role>
								<CI_RoleCode codeList="http://www.isotc211.org/2005/resources/Codelist/gmxCodelists.xml#CI_RoleCode" codeListValue="publisher" codeSpace="ISOTC211/19115">publisher</CI_RoleCode>
							</role>
						</CI_ResponsibleParty>
					</citedResponsibleParty>
					<citedResponsibleParty>
						<CI_ResponsibleParty>
							<organisationName>
								<gco:CharacterString>University of California, Santa Barbara. Map and Imagery Laboratory</gco:CharacterString>
							</organisationName>
							<contactInfo>
								<CI_Contact>
									<address>
										<CI_Address>
											<deliveryPoint>
												<gco:CharacterString>Davidson Library, UC Santa Barbara</gco:CharacterString>
											</deliveryPoint>
											<city>
												<gco:CharacterString>Santa Barbara</gco:CharacterString>
											</city>
											<administrativeArea>
												<gco:CharacterString>CA</gco:CharacterString>
											</administrativeArea>
											<postalCode>
												<gco:CharacterString>93106-9010</gco:CharacterString>
											</postalCode>
											<country>
												<Country codeList="http://www.iso.org/iso/country_codes/iso_3166_code_lists.htm" codeListValue="US" codeSpace="ISO3166-1">US</Country>
											</country>
										</CI_Address>
									</address>
								</CI_Contact>
							</contactInfo>
							<role>
								<CI_RoleCode codeList="http://www.isotc211.org/2005/resources/Codelist/gmxCodelists.xml#CI_RoleCode" codeListValue="custodian" codeSpace="ISOTC211/19115">custodian</CI_RoleCode>
							</role>
						</CI_ResponsibleParty>
					</citedResponsibleParty>
					<presentationForm>
						<CI_PresentationFormCode codeList="http://www.isotc211.org/2005/resources/Codelist/gmxCodelists.xml#CI_PresentationFormCode" codeListValue="mapDigital" codeSpace="ISOTC211/19115">mapDigital</CI_PresentationFormCode>
					</presentationForm>
					<collectiveTitle>
						<gco:CharacterString>Maya Forest GIS</gco:CharacterString>
					</collectiveTitle>
				</CI_Citation>
			</citation>
			<abstract>
				<gco:CharacterString>This is a digital elevation model of the available section of the Maya Biosphere Reserve. From the collection "Settlements and Land Use Intensity in the Prehistoric Maya Forest"</gco:CharacterString>
			</abstract>
			<purpose>
				<gco:CharacterString>To compile, monitor and archive data for the Maya Biosphere Reserve located in the tropical rainforest of the Peten of Guatemala, Central America.</gco:CharacterString>
			</purpose>
			<credit>
				<gco:CharacterString>Consejo Nacional de Areas Protegidas (CONAP) located in San Benito, Peten, Guatemala, Central America. Contact person is Victor Hugo Ramos.</gco:CharacterString>
			</credit>
			<status>
				<MD_ProgressCode codeList="http://www.isotc211.org/2005/resources/Codelist/gmxCodelists.xml#MD_ProgressCode" codeListValue="completed" codeSpace="ISOTC211/19115">completed</MD_ProgressCode>
			</status>
			<pointOfContact>
				<CI_ResponsibleParty>
					<individualName>
						<gco:CharacterString>Dr. Anabel Ford</gco:CharacterString>
					</individualName>
					<organisationName>
						<gco:CharacterString>MesoAmerican Research Center</gco:CharacterString>
					</organisationName>
					<positionName>
						<gco:CharacterString>Director</gco:CharacterString>
					</positionName>
					<contactInfo>
						<CI_Contact>
							<phone>
								<CI_Telephone>
									<voice>
										<gco:CharacterString>(805) 893-8191</gco:CharacterString>
									</voice>
									<facsimile>
										<gco:CharacterString>(805) 893-2790</gco:CharacterString>
									</facsimile>
								</CI_Telephone>
							</phone>
							<address>
								<CI_Address>
									<deliveryPoint>
										<gco:CharacterString>1044 North Hall, University of California</gco:CharacterString>
									</deliveryPoint>
									<city>
										<gco:CharacterString>Santa Barbara</gco:CharacterString>
									</city>
									<administrativeArea>
										<gco:CharacterString>CA</gco:CharacterString>
									</administrativeArea>
									<postalCode>
										<gco:CharacterString>93016-2150</gco:CharacterString>
									</postalCode>
									<country>
										<Country codeList="http://www.iso.org/iso/country_codes/iso_3166_code_lists.htm" codeListValue="US" codeSpace="ISO3166-1">US</Country>
									</country>
									<electronicMailAddress>
										<gco:CharacterString>ford@marc.ucsb.edu</gco:CharacterString>
									</electronicMailAddress>
								</CI_Address>
							</address>
						</CI_Contact>
					</contactInfo>
					<role>
						<CI_RoleCode codeList="http://www.isotc211.org/2005/resources/Codelist/gmxCodelists.xml#CI_RoleCode" codeListValue="principalInvestigator" codeSpace="ISOTC211/19115">principalInvestigator</CI_RoleCode>
					</role>
				</CI_ResponsibleParty>
			</pointOfContact>
			<pointOfContact>
				<CI_ResponsibleParty>
					<individualName>
						<gco:CharacterString>Victor Hugo Ramos</gco:CharacterString>
					</individualName>
					<organisationName>
						<gco:CharacterString>Consejo Nacional de Áreas Protegidas (Guatemala)</gco:CharacterString>
					</organisationName>
					<contactInfo>
						<CI_Contact>
							<address>
								<CI_Address>
									<city>
										<gco:CharacterString>San Benito</gco:CharacterString>
									</city>
									<administrativeArea>
										<gco:CharacterString>Peten</gco:CharacterString>
									</administrativeArea>
									<country>
										<Country codeList="http://www.iso.org/iso/country_codes/iso_3166_code_lists.htm" codeListValue="GT" codeSpace="ISO3166-1">GT</Country>
									</country>
								</CI_Address>
							</address>
						</CI_Contact>
					</contactInfo>
					<role>
						<CI_RoleCode codeList="http://www.isotc211.org/2005/resources/Codelist/gmxCodelists.xml#CI_RoleCode" codeListValue="pointOfContact" codeSpace="ISOTC211/19115">pointOfContact</CI_RoleCode>
					</role>
				</CI_ResponsibleParty>
			</pointOfContact>
			<resourceMaintenance>
				<MD_MaintenanceInformation>
					<maintenanceAndUpdateFrequency>
						<MD_MaintenanceFrequencyCode codeList="http://www.isotc211.org/2005/resources/Codelist/gmxCodelists.xml#MD_MaintenanceFrequencyCode" codeListValue="asNeeded" codeSpace="ISOTC211/19115">asNeeded</MD_MaintenanceFrequencyCode>
					</maintenanceAndUpdateFrequency>
				</MD_MaintenanceInformation>
			</resourceMaintenance>
			<descriptiveKeywords>
				<MD_Keywords>
					<keyword>
						<gco:CharacterString>Petén (Guatemala : Department)</gco:CharacterString>
					</keyword>
					<keyword>
						<gco:CharacterString>Guatemala</gco:CharacterString>
					</keyword>
					<type>
						<MD_KeywordTypeCode codeList="http://www.isotc211.org/2005/resources/Codelist/gmxCodelists.xml#MD_KeywordTypeCode" codeListValue="place" codeSpace="ISOTC211/19115">place</MD_KeywordTypeCode>
					</type>
					<thesaurusName>
						<CI_Citation>
							<title>
								<gco:CharacterString>naf</gco:CharacterString>
							</title>
							<date gco:nilReason="missing"/>
						</CI_Citation>
					</thesaurusName>
				</MD_Keywords>
			</descriptiveKeywords>
			<descriptiveKeywords>
				<MD_Keywords>
					<keyword>
						<gco:CharacterString>Digital elevation models</gco:CharacterString>
					</keyword>
					<keyword>
						<gco:CharacterString>Maya Forest</gco:CharacterString>
					</keyword>
					<type>
						<MD_KeywordTypeCode codeList="http://www.isotc211.org/2005/resources/Codelist/gmxCodelists.xml#MD_KeywordTypeCode" codeListValue="theme" codeSpace="ISOTC211/19115">theme</MD_KeywordTypeCode>
					</type>
					<thesaurusName>
						<CI_Citation>
							<title>
								<gco:CharacterString>lcsh</gco:CharacterString>
							</title>
							<date gco:nilReason="missing"/>
						</CI_Citation>
					</thesaurusName>
				</MD_Keywords>
			</descriptiveKeywords>
			<descriptiveKeywords>
				<MD_Keywords>
					<keyword>
						<gco:CharacterString>Downloadable Data</gco:CharacterString>
					</keyword>
					<thesaurusName uuidref="723f6998-058e-11dc-8314-0800200c9a66"/>
				</MD_Keywords>
			</descriptiveKeywords>
			<resourceConstraints>
				<MD_Constraints>
					<useLimitation>
						<gco:CharacterString>Please acknowledge Consejo Nacional de Areas Protegidas (CONAP), in any derived data producst, reports or publications.</gco:CharacterString>
					</useLimitation>
				</MD_Constraints>
			</resourceConstraints>
			<resourceConstraints>
				<MD_LegalConstraints>
					<useLimitation>
						<gco:CharacterString>Users of this data must credit Consejo Nacional de Areas Protegidas (CONAP), Peten, Guatemala, Central America</gco:CharacterString>
					</useLimitation>
				</MD_LegalConstraints>
			</resourceConstraints>
			<aggregationInfo>
				<MD_AggregateInformation>
					<aggregateDataSetName>
						<CI_Citation>
							<title>
								<gco:CharacterString>Maya Forest GIS</gco:CharacterString>
							</title>
							<date gco:nilReason="missing"/>
						</CI_Citation>
					</aggregateDataSetName>
					<associationType>
						<DS_AssociationTypeCode codeList="http://www.isotc211.org/2005/resources/Codelist/gmxCodelists.xml#DS_AssociationTypeCode" codeListValue="largerWorkCitation" codeSpace="ISOTC211/19115">largerWorkCitation</DS_AssociationTypeCode>
					</associationType>
				</MD_AggregateInformation>
			</aggregationInfo>
			<spatialRepresentationType>
				<MD_SpatialRepresentationTypeCode codeList="http://www.isotc211.org/2005/resources/Codelist/gmxCodelists.xml#MD_SpatialRepresentationTypeCode" codeListValue="grid" codeSpace="ISOTC211/19115">grid</MD_SpatialRepresentationTypeCode>
			</spatialRepresentationType>
			<language>
				<LanguageCode codeList="http://www.loc.gov/standards/iso639-2/php/code_list.php" codeListValue="eng" codeSpace="ISO639-2">eng</LanguageCode>
			</language>
			<characterSet>
				<MD_CharacterSetCode codeList="http://www.isotc211.org/2005/resources/Codelist/gmxCodelists.xml#MD_CharacterSetCode" codeListValue="utf8" codeSpace="ISOTC211/19115">utf8</MD_CharacterSetCode>
			</characterSet>
			<topicCategory>
				<MD_TopicCategoryCode>elevation</MD_TopicCategoryCode>
			</topicCategory>
			<environmentDescription>
				<gco:CharacterString>Microsoft Windows 7 Version 6.1 (Build 7601) Service Pack 1; Esri ArcGIS 10.2.2.3552</gco:CharacterString>
			</environmentDescription>
			<extent>
				<EX_Extent>
					<description>
						<gco:CharacterString>publication date</gco:CharacterString>
					</description>
					<temporalElement>
						<EX_TemporalExtent>
							<extent>
								<gml:TimeInstant gml:id="ID0EDEAE">
									<gml:timePosition>2000-03-01T00:00:00</gml:timePosition>
								</gml:TimeInstant>
							</extent>
						</EX_TemporalExtent>
					</temporalElement>
				</EX_Extent>
			</extent>
			<extent>
				<EX_Extent>
					<geographicElement>
						<EX_GeographicBoundingBox>
							<extentTypeCode>
								<gco:Boolean>true</gco:Boolean>
							</extentTypeCode>
							<westBoundLongitude>
								<gco:Decimal>-91.452485</gco:Decimal>
							</westBoundLongitude>
							<eastBoundLongitude>
								<gco:Decimal>-89.140232</gco:Decimal>
							</eastBoundLongitude>
							<southBoundLatitude>
								<gco:Decimal>16.818916</gco:Decimal>
							</southBoundLatitude>
							<northBoundLatitude>
								<gco:Decimal>17.843357</gco:Decimal>
							</northBoundLatitude>
						</EX_GeographicBoundingBox>
					</geographicElement>
				</EX_Extent>
			</extent>
		</MD_DataIdentification>
	</identificationInfo>
	<contentInfo>
		<MD_CoverageDescription>
			<attributeDescription gco:nilReason="missing"/>
			<contentType>
				<MD_CoverageContentTypeCode codeList="http://www.isotc211.org/2005/resources/Codelist/gmxCodelists.xml#MD_CoverageContentTypeCode" codeListValue="physicalMeasurement" codeSpace="ISOTC211/19115">physicalMeasurement</MD_CoverageContentTypeCode>
			</contentType>
			<dimension>
				<MD_Band>
					<descriptor>
						<gco:CharacterString>rbmgrd</gco:CharacterString>
					</descriptor>
					<maxValue>
						<gco:Real>625.011719</gco:Real>
					</maxValue>
					<minValue>
						<gco:Real>30.735138</gco:Real>
					</minValue>
					<units>
						<gml:UnitDefinition gml:id="ID0EVRAE">
							<gml:identifier codeSpace="GML_UomSymbol">Unified Code of Units of Measure</gml:identifier>
						</gml:UnitDefinition>
					</units>
					<bitsPerValue>
						<gco:Integer>32</gco:Integer>
					</bitsPerValue>
				</MD_Band>
			</dimension>
		</MD_CoverageDescription>
	</contentInfo>
	<distributionInfo>
		<MD_Distribution>
			<distributionFormat>
				<MD_Format>
					<name>
						<gco:CharacterString>Raster Dataset</gco:CharacterString>
					</name>
					<version gco:nilReason="missing"/>
				</MD_Format>
			</distributionFormat>
			<distributor>
				<MD_Distributor>
					<distributorContact>
						<CI_ResponsibleParty>
							<individualName>
								<gco:CharacterString>Dr. Anabel Ford</gco:CharacterString>
							</individualName>
							<organisationName>
								<gco:CharacterString>MesoAmerican Research Center</gco:CharacterString>
							</organisationName>
							<positionName>
								<gco:CharacterString>Director</gco:CharacterString>
							</positionName>
							<contactInfo>
								<CI_Contact>
									<phone>
										<CI_Telephone>
											<voice>
												<gco:CharacterString>(805) 893-8191</gco:CharacterString>
											</voice>
											<facsimile>
												<gco:CharacterString>(805) 893-2790</gco:CharacterString>
											</facsimile>
										</CI_Telephone>
									</phone>
									<address>
										<CI_Address>
											<deliveryPoint>
												<gco:CharacterString>1044 North Hall, University of California</gco:CharacterString>
											</deliveryPoint>
											<city>
												<gco:CharacterString>Santa Barbara</gco:CharacterString>
											</city>
											<administrativeArea>
												<gco:CharacterString>CA</gco:CharacterString>
											</administrativeArea>
											<postalCode>
												<gco:CharacterString>93016-2150</gco:CharacterString>
											</postalCode>
											<country>
												<Country codeList="http://www.iso.org/iso/country_codes/iso_3166_code_lists.htm" codeListValue="US" codeSpace="ISO3166-1">US</Country>
											</country>
											<electronicMailAddress>
												<gco:CharacterString>ford@marc.ucsb.edu</gco:CharacterString>
											</electronicMailAddress>
										</CI_Address>
									</address>
								</CI_Contact>
							</contactInfo>
							<role>
								<CI_RoleCode codeList="http://www.isotc211.org/2005/resources/Codelist/gmxCodelists.xml#CI_RoleCode" codeListValue="principalInvestigator" codeSpace="ISOTC211/19115">principalInvestigator</CI_RoleCode>
							</role>
						</CI_ResponsibleParty>
					</distributorContact>
				</MD_Distributor>
			</distributor>
			<distributor>
				<MD_Distributor>
					<distributorContact>
						<CI_ResponsibleParty>
							<organisationName>
								<gco:CharacterString>University of California, Santa Barbara. Map and Imagery Laboratory</gco:CharacterString>
							</organisationName>
							<contactInfo>
								<CI_Contact>
									<address>
										<CI_Address>
											<deliveryPoint>
												<gco:CharacterString>Davidson Library, UC Santa Barbara</gco:CharacterString>
											</deliveryPoint>
											<city>
												<gco:CharacterString>Santa Barbara</gco:CharacterString>
											</city>
											<administrativeArea>
												<gco:CharacterString>CA</gco:CharacterString>
											</administrativeArea>
											<postalCode>
												<gco:CharacterString>93106-9010</gco:CharacterString>
											</postalCode>
											<country>
												<Country codeList="http://www.iso.org/iso/country_codes/iso_3166_code_lists.htm" codeListValue="US" codeSpace="ISO3166-1">US</Country>
											</country>
										</CI_Address>
									</address>
								</CI_Contact>
							</contactInfo>
							<role>
								<CI_RoleCode codeList="http://www.isotc211.org/2005/resources/Codelist/gmxCodelists.xml#CI_RoleCode" codeListValue="custodian" codeSpace="ISOTC211/19115">custodian</CI_RoleCode>
							</role>
						</CI_ResponsibleParty>
					</distributorContact>
				</MD_Distributor>
			</distributor>
		</MD_Distribution>
	</distributionInfo>
	<dataQualityInfo>
		<DQ_DataQuality>
			<scope>
				<DQ_Scope>
					<level>
						<MD_ScopeCode codeList="http://www.isotc211.org/2005/resources/Codelist/gmxCodelists.xml#MD_ScopeCode" codeListValue="dataset" codeSpace="ISOTC211/19115">dataset</MD_ScopeCode>
					</level>
				</DQ_Scope>
			</scope>
			<report>
				<DQ_ConceptualConsistency>
					<measureDescription>
						<gco:CharacterString>not applicable</gco:CharacterString>
					</measureDescription>
					<result gco:nilReason="missing"/>
				</DQ_ConceptualConsistency>
			</report>
			<report>
				<DQ_CompletenessOmission>
					<measureDescription>
						<gco:CharacterString>Data is complete.</gco:CharacterString>
					</measureDescription>
					<result gco:nilReason="missing"/>
				</DQ_CompletenessOmission>
			</report>
			<report>
				<DQ_QuantitativeAttributeAccuracy>
					<measureDescription>
						<gco:CharacterString>For a complete description of the coverages, contact Victor Hugo Ramos at Consejo Nacional de Areas Protegidas (CONAP) in San Benito, Peten, Guatemala, Central America.</gco:CharacterString>
					</measureDescription>
					<result gco:nilReason="missing"/>
				</DQ_QuantitativeAttributeAccuracy>
			</report>
			<lineage>
				<LI_Lineage>
					<processStep>
						<LI_ProcessStep>
							<description>
								<gco:CharacterString>National Geographic Institute interpolated contours (20 meter intervals) were digitized at 50,000 scale by CONAP Data is in ArcView Shapefiles UTM Zone 16N and NAD27 Central American Elevation values in meters above sea level taking the mean sea level as reference in the port of San Jose in 1950</gco:CharacterString>
							</description>
							<dateTime gco:nilReason="unknown"/>
						</LI_ProcessStep>
					</processStep>
					<source>
						<LI_Source>
							<description>
								<gco:CharacterString>Consejo Nacional de Areas Protegidas (CONAP) in San Benito, Peten, Guatemala, Central America.</gco:CharacterString>
							</description>
							<sourceCitation>
								<CI_Citation>
									<title>
										<gco:CharacterString>Geographic Database for Monitoring the Maya Bioshpere Reserve</gco:CharacterString>
									</title>
									<alternateTitle>
										<gco:CharacterString>not applicable</gco:CharacterString>
									</alternateTitle>
									<date gco:nilReason="missing"/>
									<citedResponsibleParty>
										<CI_ResponsibleParty>
											<organisationName>
												<gco:CharacterString>Consejo Nacional de Áreas Protegidas (Guatemala)</gco:CharacterString>
											</organisationName>
											<contactInfo>
												<CI_Contact>
													<address>
														<CI_Address>
															<city>
																<gco:CharacterString>San Benito</gco:CharacterString>
															</city>
															<administrativeArea>
																<gco:CharacterString>Peten</gco:CharacterString>
															</administrativeArea>
															<country>
																<Country codeList="http://www.iso.org/iso/country_codes/iso_3166_code_lists.htm" codeListValue="GT" codeSpace="ISO3166-1">GT</Country>
															</country>
														</CI_Address>
													</address>
												</CI_Contact>
											</contactInfo>
											<role>
												<CI_RoleCode codeList="http://www.isotc211.org/2005/resources/Codelist/gmxCodelists.xml#CI_RoleCode" codeListValue="publisher" codeSpace="ISOTC211/19115">publisher</CI_RoleCode>
											</role>
										</CI_ResponsibleParty>
									</citedResponsibleParty>
									<presentationForm>
										<CI_PresentationFormCode codeList="http://www.isotc211.org/2005/resources/Codelist/gmxCodelists.xml#CI_PresentationFormCode" codeListValue="mapHardcopy" codeSpace="ISOTC211/19115">mapHardcopy</CI_PresentationFormCode>
									</presentationForm>
								</CI_Citation>
							</sourceCitation>
							<sourceExtent>
								<EX_Extent>
									<description>
										<gco:CharacterString>publication date</gco:CharacterString>
									</description>
									<temporalElement>
										<EX_TemporalExtent>
											<extent>
												<gml:TimeInstant gml:id="ID0EOMAE">
													<gml:timePosition indeterminatePosition="unknown"/>
												</gml:TimeInstant>
											</extent>
										</EX_TemporalExtent>
									</temporalElement>
								</EX_Extent>
							</sourceExtent>
						</LI_Source>
					</source>
				</LI_Lineage>
			</lineage>
		</DQ_DataQuality>
	</dataQualityInfo>
	<metadataMaintenance>
		<MD_MaintenanceInformation>
			<maintenanceAndUpdateFrequency>
				<MD_MaintenanceFrequencyCode codeList="http://www.isotc211.org/2005/resources/Codelist/gmxCodelists.xml#MD_MaintenanceFrequencyCode" codeListValue="asNeeded" codeSpace="ISOTC211/19115">asNeeded</MD_MaintenanceFrequencyCode>
			</maintenanceAndUpdateFrequency>
		</MD_MaintenanceInformation>
	</metadataMaintenance>
	<Esri xmlns=""><CreaDate>20150121</CreaDate><CreaTime>15254500</CreaTime><ArcGISstyle>ISO 19139 Metadata Implementation Specification</ArcGISstyle><SyncOnce>TRUE</SyncOnce><DataProperties><itemProps><itemLocation><linkage Sync="TRUE">file://\\svmwindows\mil\Projects\Maya Forest GIS\9 Collection\gford-20140000-010045b_rbmgrd\gford-20140000-010045b_rbmgrd-iso19139</linkage><protocol Sync="TRUE">Local Area Network</protocol></itemLocation></itemProps><copyHistory><copy source="Z:\Projects\Maya Forest GIS\8 Data_Metadata\2 CD-ROMs\DISK-1\Base\conap\gford-20140000-010045b_rbmgrd-iso19139" dest="\\svmwindows\mil\Projects\Maya Forest GIS\9 Collection\gford-20140000-010045b_rbmgrd\gford-20140000-010045b_rbmgrd-iso19139" date="20150121" time="15254500"></copy></copyHistory></DataProperties></Esri></MD_Metadata>
